"ano";"id_org_unica";"dotacao_atual_total";"pago_total";"dotacao_atual_invest";"pago_invest";"servidores_superior";"servidores_naosup";"forca_trabalho";"org_limpo"
2000;27;92451682;71077032;5987605;4119171;NA;NA;2615;"AGU - Advocacia Geral da União"
2000;176;0;0;0;0;NA;NA;NA;"Controladoria Geral da União"
2000;421;4731585950;3498998548;281832803;40253730;5724;10974;10696;"Ministério da Agricultura, Pecuária e Abastecimento"
2000;422;1972380592;1509021404;341202787;130041942;1554;2165;6893;"Ministério da Ciência e Tecnologia"
2000;423;325449005;225411232;65698096;26804478;145;214;2539;"Ministério da Cultura"
2000;424;21731141998;19642033993;1841407638;1230127230;5665;25526;31004;"Ministério da Defesa"
2000;425;13204117394;5342128170;113118600;30548407;41848;59745;NA;"Ministério da Economia"
2000;426;14359294228;11541552456;1107120168;312975460;77187;77835;165595;"Ministério da Educação"
2000;429;3420887639;2877614720;667364857;379156640;7184;14399;21197;"Ministério da Justiça"
2000;430;0;0;0;0;NA;NA;NA;"Ministério da Pesca e Aquicultura"
2000;431;75552882847;74270255428;93046373;39712198;434;673;40664;"Ministério da Previdência Social"
2000;432;23544545044;20840655477;1686298951;202780679;38767;71394;102480;"Ministério da Saúde"
2000;433;5198575153;4015414327;1617168656;723910874;998;2006;NA;"Ministério das Cidades"
2000;434;870019447;643166115;82832731;7352169;256;469;1525;"Ministério das Comunicações"
2000;435;814814123;830179797;16759729;10825246;1968;1162;2993;"Ministério das Relações Exteriores"
2000;436;753366100;485156504;63386795;7818980;1120;1030;1936;"Ministério de Minas e Energia"
2000;437;1848231746;1029138002;274640901;77119519;70;56;5713;"Ministério do Desenvolvimento Agrário"
2000;438;0;0;0;0;21;20;NA;"Ministério do Desenvolvimento Social e Combate à Fome"
2000;439;1053050906;319946968;136880720;17432420;NA;NA;2260;"Ministério do Desenvolvimento, Indústria e Comércio Exterior"
2000;440;515449597;230217891;326281112;88189346;65;68;325;"Ministério do Esporte"
2000;442;893418000;575009695;200919070;83366815;2231;3608;5644;"Ministério do Meio Ambiente"
2000;444;1655914296;1381872941;45789647;22107179;2593;2821;13868;"Ministério do Planejamento, Orçamento e Gestão"
2000;445;10425294687;9677040852;63600505;27296973;4378;3260;7787;"Ministério do Trabalho e Emprego"
2000;446;0;0;0;0;1171;1322;NA;"Ministério do Turismo"
2000;523;1520867097;486218147;978435068;59830125;3752;5895;3318;"Presidência da República"
2000;551;0;0;0;0;NA;NA;NA;"Secretaria de Assuntos Estratégicos"
2000;552;0;0;0;0;NA;NA;NA;"Secretaria de Aviação Civil"
2000;557;0;0;0;0;NA;NA;NA;"Secretaria de Políticas de Promoção da Igualdade Racial"
2000;561;0;0;0;0;NA;NA;NA;"Secretaria Especial de Direitos Humanos"
2000;562;0;0;0;0;NA;NA;NA;"Secretaria Especial de Políticas para as Mulheres"
2000;564;0;0;0;0;NA;NA;NA;"Secretaria Nacional de Portos"
2000;658;3212689;3013712;71000;53676;NA;NA;NA;"Vice-Presidência da República"
2000;700;8135633921;3643141445;4293262799;1473053487;1745;3269;NA;"Ministério da Infra-Estrutura"
2000;750;0;0;0;0;NA;NA;NA;"Ministério da Mulher, da Família e dos Direitos Humanos"
2000;751;0;0;0;0;NA;NA;NA;"Secretaria Especial da Micro e Pequena Empresa"
2000;752;0;0;0;0;NA;NA;NA;"Ministério da Segurança Pública"
2001;27;125041086;111052389;8499046;4720284;NA;NA;3161;"AGU - Advocacia Geral da União"
2001;176;0;0;0;0;NA;NA;NA;"Controladoria Geral da União"
2001;421;6276027766;3426813052;379486903;64673468;6263;10880;11164;"Ministério da Agricultura, Pecuária e Abastecimento"
2001;422;2577331118;1885725035;525787480;175750455;3250;615;6750;"Ministério da Ciência e Tecnologia"
2001;423;365588537;238860722;68421060;20243158;150;208;2508;"Ministério da Cultura"
2001;424;25485700435;23961184115;1930521338;1164584761;8802;21184;29782;"Ministério da Defesa"
2001;425;12587058960;5952385458;168375373;48680042;52525;48433;NA;"Ministério da Economia"
2001;426;16760032191;13234679547;1468831890;508581754;92980;60010;163479;"Ministério da Educação"
2001;429;3720323616;3082749026;845657777;603555319;7422;13695;20685;"Ministério da Justiça"
2001;430;0;0;0;0;NA;NA;NA;"Ministério da Pesca e Aquicultura"
2001;431;86777469658;85754729000;175750318;23655361;481;626;40121;"Ministério da Previdência Social"
2001;432;27211001298;23235189033;2961380874;381356013;42658;65630;104948;"Ministério da Saúde"
2001;433;6956364492;4228380754;2254631909;579713142;946;1712;NA;"Ministério das Cidades"
2001;434;2331369733;764813228;1008090784;18072661;259;410;1644;"Ministério das Comunicações"
2001;435;1007040716;1003157126;17264894;10309121;2044;1034;2943;"Ministério das Relações Exteriores"
2001;436;1284219250;733318953;141609773;10606837;1136;1000;1902;"Ministério de Minas e Energia"
2001;437;2002849043;1219580909;382192200;47396295;95;65;5703;"Ministério do Desenvolvimento Agrário"
2001;438;0;0;0;0;20;14;NA;"Ministério do Desenvolvimento Social e Combate à Fome"
2001;439;1246706448;621586369;195026726;32822166;NA;NA;2436;"Ministério do Desenvolvimento, Indústria e Comércio Exterior"
2001;440;833593457;225425787;559096669;56450263;93;136;402;"Ministério do Esporte"
2001;442;1248137268;793321523;264155268;110481659;2491;3967;6409;"Ministério do Meio Ambiente"
2001;444;1508194331;1323412640;21186379;11718862;2718;2636;13783;"Ministério do Planejamento, Orçamento e Gestão"
2001;445;11817490854;11410656277;109026126;47402816;4548;3002;7699;"Ministério do Trabalho e Emprego"
2001;446;0;0;0;0;1275;1207;NA;"Ministério do Turismo"
2001;523;2192974729;805246544;1376962755;201401558;5960;4188;3284;"Presidência da República"
2001;551;0;0;0;0;NA;NA;NA;"Secretaria de Assuntos Estratégicos"
2001;552;0;0;0;0;NA;NA;NA;"Secretaria de Aviação Civil"
2001;557;0;0;0;0;NA;NA;NA;"Secretaria de Políticas de Promoção da Igualdade Racial"
2001;561;0;0;0;0;NA;NA;NA;"Secretaria Especial de Direitos Humanos"
2001;562;0;0;0;0;NA;NA;NA;"Secretaria Especial de Políticas para as Mulheres"
2001;564;0;0;0;0;NA;NA;NA;"Secretaria Nacional de Portos"
2001;658;5104281;3225501;101000;49585;NA;NA;NA;"Vice-Presidência da República"
2001;700;8066401025;4771052265;4152580690;1552166178;1933;3036;NA;"Ministério da Infra-Estrutura"
2001;750;0;0;0;0;NA;NA;NA;"Ministério da Mulher, da Família e dos Direitos Humanos"
2001;751;0;0;0;0;NA;NA;NA;"Secretaria Especial da Micro e Pequena Empresa"
2001;752;0;0;0;0;NA;NA;NA;"Ministério da Segurança Pública"
2002;27;155876388;142112813;3660070;879018;NA;NA;1683;"AGU - Advocacia Geral da União"
2002;176;0;0;0;0;NA;NA;NA;"Controladoria Geral da União"
2002;421;5486246009;3717093229;299769698;55430148;6827;10387;11415;"Ministério da Agricultura, Pecuária e Abastecimento"
2002;422;2835306953;1921084468;373207428;56180153;3430;639;7051;"Ministério da Ciência e Tecnologia"
2002;423;415231962;245792772;100678078;12314840;151;187;2477;"Ministério da Cultura"
2002;424;29004079074;26930117850;2117374260;1042922260;9376;20373;29608;"Ministério da Defesa"
2002;425;12999074827;6499379860;199563045;69350832;50993;50128;NA;"Ministério da Economia"
2002;426;18261210134;15760729579;984810859;305935843;96591;58236;165163;"Ministério da Educação"
2002;429;4210779964;3350117512;762527394;382525171;9493;11654;20729;"Ministério da Justiça"
2002;430;0;0;0;0;NA;NA;NA;"Ministério da Pesca e Aquicultura"
2002;431;1e+18;98867996096;157917037;13869137;503;565;39523;"Ministério da Previdência Social"
2002;432;29925612516;26027957018;2418924125;476853178;43228;62687;103634;"Ministério da Saúde"
2002;433;7346670873;4381158689;2145081369;465302806;1042;1677;NA;"Ministério das Cidades"
2002;434;2843773141;918412671;823304266;31431723;246;325;1761;"Ministério das Comunicações"
2002;435;1278837222;1426925908;12605000;15632209;2082;1049;2998;"Ministério das Relações Exteriores"
2002;436;3013377442;1692544345;237917965;12476761;1342;929;2104;"Ministério de Minas e Energia"
2002;437;2227903495;1434005467;392940946;66334532;91;67;5663;"Ministério do Desenvolvimento Agrário"
2002;438;0;0;0;0;24;10;NA;"Ministério do Desenvolvimento Social e Combate à Fome"
2002;439;1338906032;860664221;128065461;20948818;NA;NA;2401;"Ministério do Desenvolvimento, Indústria e Comércio Exterior"
2002;440;767557239;251581886;503611827;72431609;89;133;396;"Ministério do Esporte"
2002;442;1661617646;798574845;530058917;55928205;3128;4024;7115;"Ministério do Meio Ambiente"
2002;444;1720718879;1463444409;15470199;1903931;2754;2344;14079;"Ministério do Planejamento, Orçamento e Gestão"
2002;445;15410471635;14713713280;88380760;42492386;4670;2837;7671;"Ministério do Trabalho e Emprego"
2002;446;0;0;0;0;1280;1153;NA;"Ministério do Turismo"
2002;523;2211227130;838878311;1254777449;111030791;5610;3107;3147;"Presidência da República"
2002;551;0;0;0;0;NA;NA;NA;"Secretaria de Assuntos Estratégicos"
2002;552;0;0;0;0;NA;NA;NA;"Secretaria de Aviação Civil"
2002;557;0;0;0;0;NA;NA;NA;"Secretaria de Políticas de Promoção da Igualdade Racial"
2002;561;0;0;0;0;NA;NA;NA;"Secretaria Especial de Direitos Humanos"
2002;562;0;0;0;0;NA;NA;NA;"Secretaria Especial de Políticas para as Mulheres"
2002;564;0;0;0;0;NA;NA;NA;"Secretaria Nacional de Portos"
2002;658;4653439;4039461;355000;144543;NA;NA;NA;"Vice-Presidência da República"
2002;700;10880189948;5573962719;3927069779;943660566;2286;2790;NA;"Ministério da Infra-Estrutura"
2002;750;0;0;0;0;NA;NA;NA;"Ministério da Mulher, da Família e dos Direitos Humanos"
2002;751;0;0;0;0;NA;NA;NA;"Secretaria Especial da Micro e Pequena Empresa"
2002;752;0;0;0;0;NA;NA;NA;"Ministério da Segurança Pública"
2003;27;246222205;211675714;6921442;2081548;NA;NA;3804;"AGU - Advocacia Geral da União"
2003;176;0;0;0;0;NA;NA;NA;"Controladoria Geral da União"
2003;421;5948894225;4123318755;195748295;16076567;6411;9959;10973;"Ministério da Agricultura, Pecuária e Abastecimento"
2003;422;3452912670;2282857147;240426180;87388640;3164;816;6972;"Ministério da Ciência e Tecnologia"
2003;423;397424726;227507371;81905305;5829673;158;219;2391;"Ministério da Cultura"
2003;424;28824322889;25015916192;1469079037;474979765;9223;19677;28710;"Ministério da Defesa"
2003;425;10802162870;7759187480;60350576;23667918;50083;49509;NA;"Ministério da Economia"
2003;426;18902857426;16570771043;709871441;245636182;96766;58075;164870;"Ministério da Educação"
2003;429;4154953149;3390846339;624862829;211232625;10305;11383;21244;"Ministério da Justiça"
2003;430;0;0;0;0;NA;NA;NA;"Ministério da Pesca e Aquicultura"
2003;431;1,16e+17;1,13e+18;57218489;4615762;493;551;40254;"Ministério da Previdência Social"
2003;432;31173255487;28219878370;1427164743;173163772;41529;65395;105238;"Ministério da Saúde"
2003;433;10249794686;4998084876;3764895480;270436126;1142;1704;207;"Ministério das Cidades"
2003;434;2038887405;958070891;55156044;10274925;223;305;1685;"Ministério das Comunicações"
2003;435;1333866967;1252837526;12776090;8734581;2038;1010;2917;"Ministério das Relações Exteriores"
2003;436;2907750529;1316499572;134712642;10457923;1258;928;2022;"Ministério de Minas e Energia"
2003;437;2305761190;1358452786;256995710;40435644;73;88;5243;"Ministério do Desenvolvimento Agrário"
2003;438;5743362676;5352895289;111591173;769403;159;117;NA;"Ministério do Desenvolvimento Social e Combate à Fome"
2003;439;1382960806;821117696;106148859;37629719;NA;NA;2293;"Ministério do Desenvolvimento, Indústria e Comércio Exterior"
2003;440;380229032;65624292;252700940;20281048;91;128;209;"Ministério do Esporte"
2003;442;1503793146;791445235;258749636;17395264;3202;4112;7242;"Ministério do Meio Ambiente"
2003;444;1770568831;1565103346;10892509;2323477;2761;2883;14259;"Ministério do Planejamento, Orçamento e Gestão"
2003;445;21698290775;17076014075;31271876;13927036;4317;2753;7221;"Ministério do Trabalho e Emprego"
2003;446;377764313;87628267;216778500;6978410;1280;1127;286;"Ministério do Turismo"
2003;523;2851600354;1634784738;157207854;49057455;7105;4319;3744;"Presidência da República"
2003;551;0;0;0;0;NA;NA;NA;"Secretaria de Assuntos Estratégicos"
2003;552;0;0;0;0;NA;NA;NA;"Secretaria de Aviação Civil"
2003;557;0;0;0;0;NA;NA;NA;"Secretaria de Políticas de Promoção da Igualdade Racial"
2003;561;0;0;0;0;NA;NA;NA;"Secretaria Especial de Direitos Humanos"
2003;562;0;0;0;0;NA;NA;NA;"Secretaria Especial de Políticas para as Mulheres"
2003;564;0;0;0;0;NA;NA;NA;"Secretaria Nacional de Portos"
2003;658;4581769;3774621;210000;11727;NA;NA;NA;"Vice-Presidência da República"
2003;700;11546308895;3359051408;3091957985;370670727;1974;2050;NA;"Ministério da Infra-Estrutura"
2003;750;0;0;0;0;NA;NA;NA;"Ministério da Mulher, da Família e dos Direitos Humanos"
2003;751;0;0;0;0;NA;NA;NA;"Secretaria Especial da Micro e Pequena Empresa"
2003;752;0;0;0;0;NA;NA;NA;"Ministério da Segurança Pública"
2004;27;855679261;796558509;14598576;1205468;NA;NA;7382;"AGU - Advocacia Geral da União"
2004;176;0;0;0;0;NA;NA;NA;"Controladoria Geral da União"
2004;421;7049187846;3085177051;201993657;47231993;7038;9956;11373;"Ministério da Agricultura, Pecuária e Abastecimento"
2004;422;3948294428;2621053730;266063109;169637927;3091;797;7152;"Ministério da Ciência e Tecnologia"
2004;423;523658926;308432352;97761116;12665068;252;254;2589;"Ministério da Cultura"
2004;424;30817948169;27308310277;1641696396;851801221;9827;19288;28899;"Ministério da Defesa"
2004;425;10365138747;8772868216;114472954;60379980;51243;48440;NA;"Ministério da Economia"
2004;426;19521090512;17157878368;695394091;264227336;101518;60025;171925;"Ministério da Educação"
2004;429;4515682402;3920064789;640752061;316032311;11620;12267;23463;"Ministério da Justiça"
2004;430;0;0;0;0;NA;NA;NA;"Ministério da Pesca e Aquicultura"
2004;431;1,34e+18;1,32e+18;41050725;8087499;953;733;40660;"Ministério da Previdência Social"
2004;432;38216590428;33652264131;2496791961;574587368;40852;63902;103483;"Ministério da Saúde"
2004;433;9015812590;6131514799;2762901474;810389004;1474;1810;280;"Ministério das Cidades"
2004;434;2203222250;972796577;62900855;13451725;227;299;1604;"Ministério das Comunicações"
2004;435;1853305765;1370666711;39665186;27616551;2114;982;2962;"Ministério das Relações Exteriores"
2004;436;3045794020;601780800;66374714;34837501;1255;930;2028;"Ministério de Minas e Energia"
2004;437;2530290966;1877146775;384938379;117139459;126;122;5567;"Ministério do Desenvolvimento Agrário"
2004;438;14336507580;13597714547;184612603;87399371;255;170;383;"Ministério do Desenvolvimento Social e Combate à Fome"
2004;439;1115667780;621395914;183576127;65435002;NA;NA;2338;"Ministério do Desenvolvimento, Indústria e Comércio Exterior"
2004;440;384098327;147956896;249620286;46962794;99;133;221;"Ministério do Esporte"
2004;442;1774172534;971265513;120212143;21395313;3823;4099;7894;"Ministério do Meio Ambiente"
2004;444;2316850948;1518679145;26623751;6300374;2624;2176;12932;"Ministério do Planejamento, Orçamento e Gestão"
2004;445;28464803113;19118394606;45209426;18265430;4435;2671;7268;"Ministério do Trabalho e Emprego"
2004;446;508305851;252981788;252700498;87812215;1385;1129;294;"Ministério do Turismo"
2004;523;1403700353;1057889252;136576458;46607338;10792;4445;3767;"Presidência da República"
2004;551;0;0;0;0;NA;NA;NA;"Secretaria de Assuntos Estratégicos"
2004;552;0;0;0;0;NA;NA;NA;"Secretaria de Aviação Civil"
2004;557;0;0;0;0;NA;NA;NA;"Secretaria de Políticas de Promoção da Igualdade Racial"
2004;561;0;0;0;0;NA;NA;NA;"Secretaria Especial de Direitos Humanos"
2004;562;0;0;0;0;NA;NA;NA;"Secretaria Especial de Políticas para as Mulheres"
2004;564;0;0;0;0;NA;NA;NA;"Secretaria Nacional de Portos"
2004;658;5253179;4767384;110000;107477;NA;NA;NA;"Vice-Presidência da República"
2004;700;9978646230;3710965983;3603381574;1041056729;2006;2500;NA;"Ministério da Infra-Estrutura"
2004;750;0;0;0;0;NA;NA;NA;"Ministério da Mulher, da Família e dos Direitos Humanos"
2004;751;0;0;0;0;NA;NA;NA;"Secretaria Especial da Micro e Pequena Empresa"
2004;752;0;0;0;0;NA;NA;NA;"Ministério da Segurança Pública"
2005;27;1055289590;833935654;9218666;1417384;NA;NA;7766;"AGU - Advocacia Geral da União"
2005;176;0;0;0;0;NA;NA;NA;"Controladoria Geral da União"
2005;421;5582580465;3878427210;370532107;57919089;7370;10079;11742;"Ministério da Agricultura, Pecuária e Abastecimento"
2005;422;5120710200;2996453695;702457282;240252330;3305;1025;7243;"Ministério da Ciência e Tecnologia"
2005;423;670823593;403276986;129199915;37777160;258;254;2591;"Ministério da Cultura"
2005;424;34994908939;30759497458;2004274677;909636686;10076;19174;29002;"Ministério da Defesa"
2005;425;11022019224;9047969199;351633904;202782676;53031;47668;NA;"Ministério da Economia"
2005;426;22329424928;18082501459;1110137410;292232186;103018;59635;173181;"Ministério da Educação"
2005;429;5375463058;4217561932;664315962;301844736;13108;12740;25502;"Ministério da Justiça"
2005;430;0;0;0;0;NA;NA;NA;"Ministério da Pesca e Aquicultura"
2005;431;1,55e+18;1,53e+17;100906731;5770782;1785;1063;42202;"Ministério da Previdência Social"
2005;432;42931340522;36845040043;2589449989;265718665;42786;64416;106079;"Ministério da Saúde"
2005;433;12379676460;6381574359;5202467525;564860975;1448;1790;320;"Ministério das Cidades"
2005;434;3661098976;1013807642;150681968;12477180;239;289;2000;"Ministério das Comunicações"
2005;435;1842500688;1525761381;68151689;62921888;2303;1014;3173;"Ministério das Relações Exteriores"
2005;436;4491759944;771721977;40411468;13133413;1502;1004;2351;"Ministério de Minas e Energia"
2005;437;3308360050;2568927328;464731747;206227422;144;142;5670;"Ministério do Desenvolvimento Agrário"
2005;438;15997744394;15511819816;184526373;87350943;261;158;381;"Ministério do Desenvolvimento Social e Combate à Fome"
2005;439;1034899948;659861698;156622796;33756980;NA;NA;2328;"Ministério do Desenvolvimento, Indústria e Comércio Exterior"
2005;440;685548543;110233453;463978719;11760052;100;129;219;"Ministério do Esporte"
2005;442;2244690389;1040612166;134254503;21903205;4307;3759;8013;"Ministério do Meio Ambiente"
2005;444;2199280761;1673580402;30826785;2453189;2601;2096;14550;"Ministério do Planejamento, Orçamento e Gestão"
2005;445;31530616493;22890632655;34799277;18748088;4442;2596;7195;"Ministério do Trabalho e Emprego"
2005;446;1037087878;333079613;649807883;87964077;1385;1113;271;"Ministério do Turismo"
2005;523;1989928006;1389464515;156233201;46185538;11499;4658;4222;"Presidência da República"
2005;551;0;0;0;0;NA;NA;NA;"Secretaria de Assuntos Estratégicos"
2005;552;0;0;0;0;NA;NA;NA;"Secretaria de Aviação Civil"
2005;557;0;0;0;0;NA;NA;NA;"Secretaria de Políticas de Promoção da Igualdade Racial"
2005;561;0;0;0;0;NA;NA;NA;"Secretaria Especial de Direitos Humanos"
2005;562;0;0;0;0;NA;NA;NA;"Secretaria Especial de Políticas para as Mulheres"
2005;564;0;0;0;0;NA;NA;NA;"Secretaria Nacional de Portos"
2005;658;4855330;4235892;2e+07;6845;NA;NA;NA;"Vice-Presidência da República"
2005;700;10197955383;4804367739;6565282216;2065904152;2128;2713;NA;"Ministério da Infra-Estrutura"
2005;750;0;0;0;0;NA;NA;NA;"Ministério da Mulher, da Família e dos Direitos Humanos"
2005;751;0;0;0;0;NA;NA;NA;"Secretaria Especial da Micro e Pequena Empresa"
2005;752;0;0;0;0;NA;NA;NA;"Ministério da Segurança Pública"
2006;27;1141135024;1093274239;20776690;786108;NA;NA;8249;"AGU - Advocacia Geral da União"
2006;176;0;0;0;0;NA;NA;NA;"Controladoria Geral da União"
2006;421;6065988895;4082531281;454106532;53484623;8021;9961;11409;"Ministério da Agricultura, Pecuária e Abastecimento"
2006;422;5179659053;3129951031;1058175657;466096793;3217;1024;7111;"Ministério da Ciência e Tecnologia"
2006;423;787585683;474095701;147996602;28874049;281;250;2960;"Ministério da Cultura"
2006;424;38406483176;34487207155;2304947417;1153997193;9782;18489;28369;"Ministério da Defesa"
2006;425;11862029149;10354998496;331179612;52125122;57268;47009;NA;"Ministério da Economia"
2006;426;24904363112;21673566266;1349736722;288036017;109133;59270;179449;"Ministério da Educação"
2006;429;6176767668;5033043603;920105751;218834954;14949;12948;27516;"Ministério da Justiça"
2006;430;0;0;0;0;NA;NA;NA;"Ministério da Pesca e Aquicultura"
2006;431;1,75e+18;1,74e+18;208164288;21901750;1845;1081;43782;"Ministério da Previdência Social"
2006;432;46180558742;39949908860;3316729809;431530233;45402;64493;109107;"Ministério da Saúde"
2006;433;12881306999;6713257586;5298438356;525546860;1603;1790;430;"Ministério das Cidades"
2006;434;4039328645;1052371635;120311424;9212454;301;317;2009;"Ministério das Comunicações"
2006;435;1642401788;1501281648;39506376;21944256;2349;994;3214;"Ministério das Relações Exteriores"
2006;436;4353893635;683390152;34915278;14497245;1758;1066;2678;"Ministério de Minas e Energia"
2006;437;3740880866;2782915072;638743899;244499174;150;154;6538;"Ministério do Desenvolvimento Agrário"
2006;438;22597154985;21286274568;203600940;89468106;375;189;522;"Ministério do Desenvolvimento Social e Combate à Fome"
2006;439;1115960071;715664519;107334894;34712827;NA;NA;2641;"Ministério do Desenvolvimento, Indústria e Comércio Exterior"
2006;440;1019433029;266516355;572903496;92034042;100;125;215;"Ministério do Esporte"
2006;442;2391458395;1205785912;122747390;37633998;4274;4193;8469;"Ministério do Meio Ambiente"
2006;444;2630416403;2153518142;177777378;16319680;2909;2051;16235;"Ministério do Planejamento, Orçamento e Gestão"
2006;445;35028110031;27145549138;29947846;18991330;4373;2517;7044;"Ministério do Trabalho e Emprego"
2006;446;1702161649;682269820;1310069071;387978415;1810;1122;357;"Ministério do Turismo"
2006;523;2034254444;1539666515;122619354;43843492;12459;4750;4875;"Presidência da República"
2006;551;0;0;0;0;NA;NA;NA;"Secretaria de Assuntos Estratégicos"
2006;552;0;0;0;0;NA;NA;NA;"Secretaria de Aviação Civil"
2006;557;0;0;0;0;NA;NA;NA;"Secretaria de Políticas de Promoção da Igualdade Racial"
2006;561;0;0;0;0;NA;NA;NA;"Secretaria Especial de Direitos Humanos"
2006;562;0;0;0;0;NA;NA;NA;"Secretaria Especial de Políticas para as Mulheres"
2006;564;0;0;0;0;NA;NA;NA;"Secretaria Nacional de Portos"
2006;658;5243472;4995656;737;470;NA;NA;NA;"Vice-Presidência da República"
2006;700;9652097975;4836135784;6198310066;2040196730;2866;3047;NA;"Ministério da Infra-Estrutura"
2006;750;0;0;0;0;NA;NA;NA;"Ministério da Mulher, da Família e dos Direitos Humanos"
2006;751;0;0;0;0;NA;NA;NA;"Secretaria Especial da Micro e Pequena Empresa"
2006;752;0;0;0;0;NA;NA;NA;"Ministério da Segurança Pública"
2007;27;1458331144;1383444871;18197408;2991998;NA;NA;8900;"AGU - Advocacia Geral da União"
2007;176;0;0;0;0;NA;NA;NA;"Controladoria Geral da União"
2007;421;6717882091;4094502490;622126494;73405408;8413;9737;11551;"Ministério da Agricultura, Pecuária e Abastecimento"
2007;422;5447498470;3362895825;1049285619;436393454;3320;934;6959;"Ministério da Ciência e Tecnologia"
2007;423;1077744578;497484984;271167573;27379005;292;255;2976;"Ministério da Cultura"
2007;424;41709137150;37765050922;3058961723;1397155304;9356;17538;27518;"Ministério da Defesa"
2007;425;15122807004;12762516856;269470831;47893351;58123;45773;NA;"Ministério da Economia"
2007;426;29474812754;24625885394;2920772513;640838680;111309;57864;180895;"Ministério da Educação"
2007;429;7661012349;6308292340;1276281273;442030236;15921;12387;27915;"Ministério da Justiça"
2007;430;0;0;0;0;NA;NA;NA;"Ministério da Pesca e Aquicultura"
2007;431;1,93e+18;1,92e+18;131250000;12685811;797;616;39771;"Ministério da Previdência Social"
2007;432;52992319275;43839983401;4714740331;208289099;44533;62504;106259;"Ministério da Saúde"
2007;433;19940124131;7907340329;10997456045;601178073;1644;1804;418;"Ministério das Cidades"
2007;434;4900245467;1149094411;175565323;9775204;297;310;2048;"Ministério das Comunicações"
2007;435;1966881218;1620953822;27159236;21832925;2479;965;3335;"Ministério das Relações Exteriores"
2007;436;5488880956;799620574;49986107;15323853;1733;1065;2645;"Ministério de Minas e Energia"
2007;437;4122113346;2943106587;768333722;246413018;154;153;6576;"Ministério do Desenvolvimento Agrário"
2007;438;24864390988;24503304223;233460159;83403362;434;205;594;"Ministério do Desenvolvimento Social e Combate à Fome"
2007;439;1403307533;1050886968;218757102;168281761;NA;NA;2677;"Ministério do Desenvolvimento, Indústria e Comércio Exterior"
2007;440;1576050262;754739742;707895494;173017277;125;118;233;"Ministério do Esporte"
2007;442;2799755678;1370670707;93423114;15986107;4501;4038;8559;"Ministério do Meio Ambiente"
2007;444;4682381607;3009740350;55300662;7503950;2999;2012;16453;"Ministério do Planejamento, Orçamento e Gestão"
2007;445;36323164763;29695101004;50985893;29814737;4671;2435;7270;"Ministério do Trabalho e Emprego"
2007;446;2102299225;600547529;1548598000;219698579;1853;1081;366;"Ministério do Turismo"
2007;523;3124034400;1870432636;563753539;111269694;13207;4997;5697;"Presidência da República"
2007;551;0;0;0;0;NA;NA;NA;"Secretaria de Assuntos Estratégicos"
2007;552;0;0;0;0;NA;NA;NA;"Secretaria de Aviação Civil"
2007;557;0;0;0;0;NA;NA;NA;"Secretaria de Políticas de Promoção da Igualdade Racial"
2007;561;0;0;0;0;NA;NA;NA;"Secretaria Especial de Direitos Humanos"
2007;562;0;0;0;0;NA;NA;NA;"Secretaria Especial de Políticas para as Mulheres"
2007;564;0;0;0;0;NA;NA;NA;"Secretaria Nacional de Portos"
2007;658;5393837;5276375;103737;75068;NA;NA;NA;"Vice-Presidência da República"
2007;700;14368792580;6333000189;10878169185;3372103129;3393;3203;NA;"Ministério da Infra-Estrutura"
2007;750;0;0;0;0;NA;NA;NA;"Ministério da Mulher, da Família e dos Direitos Humanos"
2007;751;0;0;0;0;NA;NA;NA;"Secretaria Especial da Micro e Pequena Empresa"
2007;752;0;0;0;0;NA;NA;NA;"Ministério da Segurança Pública"
2008;27;1959309763;1828037271;77662580;2158961;NA;NA;8977;"AGU - Advocacia Geral da União"
2008;176;0;0;0;0;NA;NA;NA;"Controladoria Geral da União"
2008;421;7496345576;4469247432;853835132;93863354;8785;9567;11588;"Ministério da Agricultura, Pecuária e Abastecimento"
2008;422;6407399232;4025762578;1175965749;449316535;3244;902;6806;"Ministério da Ciência e Tecnologia"
2008;423;1334519461;631120034;263106067;23449591;299;243;2946;"Ministério da Cultura"
2008;424;48044147513;40713280631;4114580754;2001958505;9260;16991;27246;"Ministério da Defesa"
2008;425;16883547780;13972215388;173801885;22638898;58777;45868;NA;"Ministério da Economia"
2008;426;34820102236;28984386427;3748817754;739783613;118517;56950;188440;"Ministério da Educação"
2008;429;9227604310;7309392076;1682559484;553693213;16759;11839;28168;"Ministério da Justiça"
2008;430;0;0;0;0;NA;NA;NA;"Ministério da Pesca e Aquicultura"
2008;431;2,12e+18;1,94e+18;172228238;22559044;829;604;39983;"Ministério da Previdência Social"
2008;432;56736426612;48421304530;3940089746;278106508;44221;62176;105621;"Ministério da Saúde"
2008;433;22223280990;9791204929;12901632714;1677484694;1768;1770;460;"Ministério das Cidades"
2008;434;5007170343;1149047166;38384381;1021983;299;311;1971;"Ministério das Comunicações"
2008;435;1889502508;2049145090;38569180;40606430;2585;986;3467;"Ministério das Relações Exteriores"
2008;436;6291880844;1009428969;62547581;12116672;2029;1081;2957;"Ministério de Minas e Energia"
2008;437;4725002030;2289154879;786350942;118509712;168;138;6709;"Ministério do Desenvolvimento Agrário"
2008;438;29123434885;28451367463;196542219;77039770;466;211;632;"Ministério do Desenvolvimento Social e Combate à Fome"
2008;439;1407302149;865072532;196170723;25290533;NA;NA;2780;"Ministério do Desenvolvimento, Indústria e Comércio Exterior"
2008;440;1407860822;204685444;892507913;10617856;130;117;236;"Ministério do Esporte"
2008;442;3158687104;1426282601;158143602;14591289;4554;4972;9511;"Ministério do Meio Ambiente"
2008;444;4106095291;2623121584;53647066;3484045;3032;1972;18076;"Ministério do Planejamento, Orçamento e Gestão"
2008;445;40876974466;34056365114;98032749;19103554;4637;2308;7091;"Ministério do Trabalho e Emprego"
2008;446;3026665318;546429168;2258686364;87236906;1871;1056;388;"Ministério do Turismo"
2008;523;4770861174;2605262103;1515779372;249987430;14682;5511;7513;"Presidência da República"
2008;551;0;0;0;0;NA;NA;NA;"Secretaria de Assuntos Estratégicos"
2008;552;0;0;0;0;NA;NA;NA;"Secretaria de Aviação Civil"
2008;557;0;0;0;0;NA;NA;NA;"Secretaria de Políticas de Promoção da Igualdade Racial"
2008;561;0;0;0;0;NA;NA;NA;"Secretaria Especial de Direitos Humanos"
2008;562;0;0;0;0;NA;NA;NA;"Secretaria Especial de Políticas para as Mulheres"
2008;564;0;0;0;0;NA;NA;NA;"Secretaria Nacional de Portos"
2008;658;6596021;6394427;12000;9583;NA;NA;NA;"Vice-Presidência da República"
2008;700;15119964134;4982875467;10977034474;2075908149;3723;3054;NA;"Ministério da Infra-Estrutura"
2008;750;0;0;0;0;NA;NA;NA;"Ministério da Mulher, da Família e dos Direitos Humanos"
2008;751;0;0;0;0;NA;NA;NA;"Secretaria Especial da Micro e Pequena Empresa"
2008;752;0;0;0;0;NA;NA;NA;"Ministério da Segurança Pública"
2009;27;2189399726;2072387449;24538735;5681682;NA;NA;9111;"AGU - Advocacia Geral da União"
2009;176;0;0;0;0;NA;NA;NA;"Controladoria Geral da União"
2009;421;9728452727;7474908729;1122352052;123468750;8995;9774;12119;"Ministério da Agricultura, Pecuária e Abastecimento"
2009;422;6599147980;4529584810;1235347517;468930757;3250;957;6931;"Ministério da Ciência e Tecnologia"
2009;423;1389828988;795719115;206370091;21735531;366;302;3157;"Ministério da Cultura"
2009;424;55286016591;48007198108;7127069716;2930756623;9704;16935;27702;"Ministério da Defesa"
2009;425;19073312961;15676749625;177041195;27870998;59702;44821;NA;"Ministério da Economia"
2009;426;45283180939;36388742028;5701161494;1231275183;128267;55646;199174;"Ministério da Educação"
2009;429;9617391666;7943512514;928114230;199724200;17948;11595;29130;"Ministério da Justiça"
2009;430;36159028;0;36158028;0;NA;NA;NA;"Ministério da Pesca e Aquicultura"
2009;431;2,41e+18;2,24e+18;781788118;22747000;820;592;39006;"Ministério da Previdência Social"
2009;432;64328379880;54319012576;4263054204;353684527;43964;62304;105456;"Ministério da Saúde"
2009;433;30153614144;12986212861;14340584660;3245493845;1975;1753;604;"Ministério das Cidades"
2009;434;6546283358;1275710269;114151836;2000338;356;304;2156;"Ministério das Comunicações"
2009;435;2096962945;1735373197;54415987;41182360;2766;962;3619;"Ministério das Relações Exteriores"
2009;436;7327283033;1109764189;68885134;20661140;2154;1263;3257;"Ministério de Minas e Energia"
2009;437;4619805477;2493379271;906942273;102678352;303;162;6706;"Ministério do Desenvolvimento Agrário"
2009;438;34330823091;32961325721;319573896;103142080;524;196;661;"Ministério do Desenvolvimento Social e Combate à Fome"
2009;439;1774756062;1031792580;245653041;18410831;NA;NA;2776;"Ministério do Desenvolvimento, Indústria e Comércio Exterior"
2009;440;1467016588;147294194;1031339136;4311502;199;119;304;"Ministério do Esporte"
2009;442;3523290327;1553352760;101423436;7011717;5088;4417;9481;"Ministério do Meio Ambiente"
2009;444;4723132378;3205811067;132995992;21734565;3322;1980;15538;"Ministério do Planejamento, Orçamento e Gestão"
2009;445;46253005761;41470991646;67315196;9660980;5401;3291;8837;"Ministério do Trabalho e Emprego"
2009;446;2949811567;557868582;2090875007;32398033;2049;1030;464;"Ministério do Turismo"
2009;523;6108741550;3335598891;1795182744;366317112;15090;5742;7917;"Presidência da República"
2009;551;0;0;0;0;NA;NA;NA;"Secretaria de Assuntos Estratégicos"
2009;552;0;0;0;0;NA;NA;NA;"Secretaria de Aviação Civil"
2009;557;0;0;0;0;NA;NA;NA;"Secretaria de Políticas de Promoção da Igualdade Racial"
2009;561;0;0;0;0;NA;NA;NA;"Secretaria Especial de Direitos Humanos"
2009;562;0;0;0;0;NA;NA;NA;"Secretaria Especial de Políticas para as Mulheres"
2009;564;0;0;0;0;NA;NA;NA;"Secretaria Nacional de Portos"
2009;658;6642977;5666945;3e+07;5793;NA;NA;NA;"Vice-Presidência da República"
2009;700;16691039013;7725403120;12558970312;4307124102;4019;3472;NA;"Ministério da Infra-Estrutura"
2009;750;0;0;0;0;NA;NA;NA;"Ministério da Mulher, da Família e dos Direitos Humanos"
2009;751;0;0;0;0;NA;NA;NA;"Secretaria Especial da Micro e Pequena Empresa"
2009;752;0;0;0;0;NA;NA;NA;"Ministério da Segurança Pública"
2010;27;2369824157;2282570545;32202223;11078475;NA;NA;7351;"AGU - Advocacia Geral da União"
2010;176;0;0;0;0;NA;NA;NA;"Controladoria Geral da União"
2010;421;9693984451;6508908905;1508666639;95205903;8671;9440;11696;"Ministério da Agricultura, Pecuária e Abastecimento"
2010;422;7878187273;5309612078;1682883483;533385411;3294;950;7192;"Ministério da Ciência e Tecnologia"
2010;423;2292155141;920332559;436228889;49887586;473;379;3774;"Ministério da Cultura"
2010;424;63371154424;55259374780;9939780964;5401018451;9591;16193;27152;"Ministério da Defesa"
2010;425;21126727842;17000687641;231653838;49620245;61067;42613;NA;"Ministério da Economia"
2010;426;58060911146;47327358112;7271410535;2642570738;158221;59954;215025;"Ministério da Educação"
2010;429;11053304431;8808372778;1304688007;216035269;19718;11484;30969;"Ministério da Justiça"
2010;430;773885765;171109400;421342081;53376213;372;224;605;"Ministério da Pesca e Aquicultura"
2010;431;2,68e+18;2,54e+18;186468950;35263914;762;679;39557;"Ministério da Previdência Social"
2010;432;69790948315;60924192394;4580980079;667007566;43687;59788;102865;"Ministério da Saúde"
2010;433;25386449382;6438981211;15184873300;3799627881;2133;1785;565;"Ministério das Cidades"
2010;434;3404772540;1412985938;92359270;5267787;470;329;2348;"Ministério das Comunicações"
2010;435;2454875566;2089697232;8,1e+09;36474174;2856;940;3727;"Ministério das Relações Exteriores"
2010;436;7377248706;1150165321;113840076;18160784;2391;1312;3353;"Ministério de Minas e Energia"
2010;437;5108776117;2631327230;1003952768;102081441;314;174;6539;"Ministério do Desenvolvimento Agrário"
2010;438;39738117581;38984810525;365917945;163712399;625;223;869;"Ministério do Desenvolvimento Social e Combate à Fome"
2010;439;1877270445;1153085920;300588571;25717671;NA;NA;3112;"Ministério do Desenvolvimento, Indústria e Comércio Exterior"
2010;440;2079264662;257918944;1284528739;9185223;206;125;340;"Ministério do Esporte"
2010;442;3871481051;1818082901;94190949;15512377;5040;4661;9973;"Ministério do Meio Ambiente"
2010;444;5947054781;4640162840;120619370;65560886;4012;2041;14002;"Ministério do Planejamento, Orçamento e Gestão"
2010;445;47649711625;46004302616;53687466;6560422;5516;3257;8975;"Ministério do Trabalho e Emprego"
2010;446;4224224349;640386030;3111162217;85101412;2313;1039;444;"Ministério do Turismo"
2010;523;6283721332;3538304873;1613675437;341895512;15271;6024;7799;"Presidência da República"
2010;551;0;0;0;0;NA;NA;NA;"Secretaria de Assuntos Estratégicos"
2010;552;0;0;0;0;NA;NA;NA;"Secretaria de Aviação Civil"
2010;557;0;0;0;0;NA;NA;NA;"Secretaria de Políticas de Promoção da Igualdade Racial"
2010;561;0;0;0;0;NA;NA;NA;"Secretaria Especial de Direitos Humanos"
2010;562;0;0;0;0;NA;NA;NA;"Secretaria Especial de Políticas para as Mulheres"
2010;564;0;0;0;0;NA;NA;NA;"Secretaria Nacional de Portos"
2010;658;7658235;6231162;3e+07;76174;NA;NA;NA;"Vice-Presidência da República"
2010;700;21249921408;10394067077;16274300187;6676753957;4457;3753;NA;"Ministério da Infra-Estrutura"
2010;750;0;0;0;0;NA;NA;NA;"Ministério da Mulher, da Família e dos Direitos Humanos"
2010;751;0;0;0;0;NA;NA;NA;"Secretaria Especial da Micro e Pequena Empresa"
2010;752;0;0;0;0;NA;NA;NA;"Ministério da Segurança Pública"
2011;27;2442749174;2365751164;12936400;1176992;NA;NA;7621;"AGU - Advocacia Geral da União"
2011;176;0;0;0;0;NA;NA;NA;"Controladoria Geral da União"
2011;421;10106845138;6695877476;1197393293;94097919;8526;9077;11357;"Ministério da Agricultura, Pecuária e Abastecimento"
2011;422;7348653791;4578672358;1205872728;345112277;3252;899;7043;"Ministério da Ciência e Tecnologia"
2011;423;2168483220;759486890;516823037;20926487;479;376;3724;"Ministério da Cultura"
2011;424;64576589525;57224496113;7496740840;3805174710;9398;15132;25783;"Ministério da Defesa"
2011;425;21928210889;18335541502;386827756;209443373;59748;41032;NA;"Ministério da Economia"
2011;426;68388140257;53551493297;9353958285;2656516692;172944;58522;227848;"Ministério da Educação"
2011;429;12271094760;8783199081;1570853586;176153129;20173;11261;31183;"Ministério da Justiça"
2011;430;559749826;108093267;281669505;4301154;357;229;593;"Ministério da Pesca e Aquicultura"
2011;431;2,96e+18;2,81e+18;157984976;15794769;811;668;38239;"Ministério da Previdência Social"
2011;432;80873978125;70101574690;5752205868;730674040;43259;57253;99962;"Ministério da Saúde"
2011;433;29891812109;4744547644;13165690839;1529131001;2099;1721;542;"Ministério das Cidades"
2011;434;4532969945;1580117262;122521956;18173086;497;497;2383;"Ministério das Comunicações"
2011;435;2520589665;2155615828;60315000;28705204;2842;902;3670;"Ministério das Relações Exteriores"
2011;436;8162054183;1316554641;184523061;15345408;2536;1728;3596;"Ministério de Minas e Energia"
2011;437;4811194438;2496148151;1070673307;81569526;298;155;6295;"Ministério do Desenvolvimento Agrário"
2011;438;46311314202;45177098214;516782778;293878786;603;222;835;"Ministério do Desenvolvimento Social e Combate à Fome"
2011;439;1942743064;1223741295;71888039;23198521;NA;NA;3163;"Ministério do Desenvolvimento, Indústria e Comércio Exterior"
2011;440;2815895925;314043064;1591011912;18390182;203;122;333;"Ministério do Esporte"
2011;442;3703330787;2049169869;165186411;24169000;4883;4212;9357;"Ministério do Meio Ambiente"
2011;444;5037006047;3726350719;42470049;2734854;4197;1862;13900;"Ministério do Planejamento, Orçamento e Gestão"
2011;445;55738243295;53308332356;92221614;11427921;5549;3170;8924;"Ministério do Trabalho e Emprego"
2011;446;3728918622;250374880;2613914832;10548993;2310;1041;502;"Ministério do Turismo"
2011;523;5673252353;3397112079;1027177461;128677776;14649;5714;6873;"Presidência da República"
2011;551;0;0;0;0;NA;NA;NA;"Secretaria de Assuntos Estratégicos"
2011;552;0;0;0;0;NA;NA;NA;"Secretaria de Aviação Civil"
2011;557;0;0;0;0;NA;NA;NA;"Secretaria de Políticas de Promoção da Igualdade Racial"
2011;561;0;0;0;0;NA;NA;NA;"Secretaria Especial de Direitos Humanos"
2011;562;0;0;0;0;NA;NA;NA;"Secretaria Especial de Políticas para as Mulheres"
2011;564;0;0;0;0;NA;NA;NA;"Secretaria Nacional de Portos"
2011;658;7729679;6853598;3e+07;88169;NA;NA;NA;"Vice-Presidência da República"
2011;700;22321856817;10353591784;17116207955;6079396610;4491;3676;NA;"Ministério da Infra-Estrutura"
2011;750;0;0;0;0;NA;NA;NA;"Ministério da Mulher, da Família e dos Direitos Humanos"
2011;751;0;0;0;0;NA;NA;NA;"Secretaria Especial da Micro e Pequena Empresa"
2011;752;0;0;0;0;NA;NA;NA;"Ministério da Segurança Pública"
2012;27;2509071197;2401286209;19564498;798596;NA;NA;7487;"AGU - Advocacia Geral da União"
2012;176;6999919;0;6999919;0;NA;NA;NA;"Controladoria Geral da União"
2012;421;11342500657;6707478227;1906649282;67245945;8598;8761;11314;"Ministério da Agricultura, Pecuária e Abastecimento"
2012;422;9610419387;5313924147;2320596529;357943717;3163;871;6889;"Ministério da Ciência e Tecnologia"
2012;423;3025690190;988126694;898416372;85102047;492;355;3612;"Ministério da Cultura"
2012;424;72438000180;59750154875;13928475730;5162740525;8998;14152;22988;"Ministério da Defesa"
2012;425;24439278934;18979186201;1113221946;209926858;57734;42461;NA;"Ministério da Economia"
2012;426;85179469661;62498898963;18046331566;5614315195;185272;57041;238335;"Ministério da Educação"
2012;429;13433120652;8757418698;3248597067;356818036;20998;10777;31497;"Ministério da Justiça"
2012;430;344216968;108172287;137686019;9450821;366;227;594;"Ministério da Pesca e Aquicultura"
2012;431;3,32e+18;3,16e+18;329972988;40663309;822;637;38906;"Ministério da Previdência Social"
2012;432;95903835874;78272325636;12142587347;1310363864;43140;55188;97798;"Ministério da Saúde"
2012;433;41043433785;8196559533;21004207849;2499940443;1923;1651;519;"Ministério das Cidades"
2012;434;5659737846;1485940033;185972583;4401341;473;515;2271;"Ministério das Comunicações"
2012;435;2649969128;2484578709;102461500;43604419;2831;869;3619;"Ministério das Relações Exteriores"
2012;436;8205096332;1354471932;168652198;25378631;2449;1858;3385;"Ministério de Minas e Energia"
2012;437;6988642631;2426774778;2439056936;65526631;313;158;6089;"Ministério do Desenvolvimento Agrário"
2012;438;58053341582;53855204289;1468229485;374972333;603;210;808;"Ministério do Desenvolvimento Social e Combate à Fome"
2012;439;3552213656;1476122794;265761544;53510466;NA;NA;3159;"Ministério do Desenvolvimento, Indústria e Comércio Exterior"
2012;440;3633223302;401961681;2165602531;15766292;268;121;389;"Ministério do Esporte"
2012;442;3877384466;2023898810;262647759;12102800;4805;3771;8865;"Ministério do Meio Ambiente"
2012;444;6939190536;3944257702;1819083288;4292967;4733;1785;14490;"Ministério do Planejamento, Orçamento e Gestão"
2012;445;67690195669;57896420816;116716835;10740947;5403;3017;8650;"Ministério do Trabalho e Emprego"
2012;446;3495052294;295696609;2836289684;15754132;2305;1006;554;"Ministério do Turismo"
2012;523;6903958967;3641340445;1146805555;112621090;14742;5551;8437;"Presidência da República"
2012;551;1579334;0;1579334;0;NA;NA;NA;"Secretaria de Assuntos Estratégicos"
2012;552;753882426;0;196515760;0;NA;NA;NA;"Secretaria de Aviação Civil"
2012;557;730560;0;730560;0;NA;NA;NA;"Secretaria de Políticas de Promoção da Igualdade Racial"
2012;561;24188278;0;24188278;0;NA;NA;NA;"Secretaria Especial de Direitos Humanos"
2012;562;5981153;0;5981153;0;NA;NA;NA;"Secretaria Especial de Políticas para as Mulheres"
2012;564;615046339;0;311950001;0;NA;NA;NA;"Secretaria Nacional de Portos"
2012;658;9270498;7390782;746667;141174;NA;NA;NA;"Vice-Presidência da República"
2012;700;28348000890;9169820724;23163081844;4723282806;4328;3619;NA;"Ministério da Infra-Estrutura"
2012;750;0;0;0;0;NA;NA;NA;"Ministério da Mulher, da Família e dos Direitos Humanos"
2012;751;0;0;0;0;NA;NA;NA;"Secretaria Especial da Micro e Pequena Empresa"
2012;752;0;0;0;0;NA;NA;NA;"Ministério da Segurança Pública"
2013;27;2675202667;2562817187;5725600;1052660;NA;NA;7435;"AGU - Advocacia Geral da União"
2013;176;815962726;768466982;21576014;12499096;NA;NA;NA;"Controladoria Geral da União"
2013;421;11639957791;7244009634;1571279804;39296731;8436;8417;10668;"Ministério da Agricultura, Pecuária e Abastecimento"
2013;422;10592709774;6332157415;1649042334;328792711;3090;847;7258;"Ministério da Ciência e Tecnologia"
2013;423;3387770611;1009012354;1078491053;108049706;634;353;3775;"Ministério da Cultura"
2013;424;74392376930;64095150332;9974969558;4248670467;8759;13156;21735;"Ministério da Defesa"
2013;425;25978299434;20264877229;1129815809;159190193;60688;40313;NA;"Ministério da Economia"
2013;426;92362047862;69913265639;13770531295;2211023664;200277;53417;247961;"Ministério da Educação"
2013;429;12849894089;9213095914;2400182290;384550802;22225;10089;32063;"Ministério da Justiça"
2013;430;637355327;124455772;348563473;10047540;362;206;572;"Ministério da Pesca e Aquicultura"
2013;431;3,72e+18;3,56e+18;217920119;19731634;741;598;40285;"Ministério da Previdência Social"
2013;432;1,01e+18;83825836820;9382218737;1246894919;45193;52957;97632;"Ministério da Saúde"
2013;433;39077099290;13304299860;17264111077;2571170612;2004;1584;496;"Ministério das Cidades"
2013;434;5338799923;1630145807;156269148;8332746;525;516;2299;"Ministério das Comunicações"
2013;435;2619444587;2494945961;33944500;16648753;2785;832;3528;"Ministério das Relações Exteriores"
2013;436;11078925356;1533538318;214968724;33988706;2548;1830;3418;"Ministério de Minas e Energia"
2013;437;9655532511;3443023293;4437302953;436954313;361;162;6222;"Ministério do Desenvolvimento Agrário"
2013;438;65114037322;60300380622;1008141861;58001302;830;195;1006;"Ministério do Desenvolvimento Social e Combate à Fome"
2013;439;2851910391;1484954210;241943850;58294114;NA;NA;3244;"Ministério do Desenvolvimento, Indústria e Comércio Exterior"
2013;440;4173961187;413457944;2836998989;38263601;314;124;441;"Ministério do Esporte"
2013;442;4695275887;2252969280;196461868;26149758;4930;3698;8884;"Ministério do Meio Ambiente"
2013;444;7858043093;4656202950;252976510;45849851;4682;1677;14369;"Ministério do Planejamento, Orçamento e Gestão"
2013;445;70629978975;64786547212;97529095;5348359;5239;2882;8333;"Ministério do Trabalho e Emprego"
2013;446;3641532245;272437681;3160667852;13919457;2306;999;514;"Ministério do Turismo"
2013;523;2305247958;1557860703;129311340;13034154;15203;5593;9113;"Presidência da República"
2013;551;357389882;318693096;4188000;759194;NA;NA;NA;"Secretaria de Assuntos Estratégicos"
2013;552;4243180194;1853506401;433475907;71521620;NA;NA;NA;"Secretaria de Aviação Civil"
2013;557;56138942;26551931;7811536;489563;NA;NA;NA;"Secretaria de Políticas de Promoção da Igualdade Racial"
2013;561;366831151;99643344;122121919;1798658;NA;NA;NA;"Secretaria Especial de Direitos Humanos"
2013;562;208555722;46355668;84094460;15666849;NA;NA;NA;"Secretaria Especial de Políticas para as Mulheres"
2013;564;1079608270;183015094;341590831;1249439;NA;NA;NA;"Secretaria Nacional de Portos"
2013;658;10289470;8125091;2e+07;87139;NA;NA;NA;"Vice-Presidência da República"
2013;700;21124197377;9079670547;15181987707;4369416370;4839;3816;NA;"Ministério da Infra-Estrutura"
2013;750;0;0;0;0;NA;NA;NA;"Ministério da Mulher, da Família e dos Direitos Humanos"
2013;751;116547422;7604607;19595000;0;NA;NA;NA;"Secretaria Especial da Micro e Pequena Empresa"
2013;752;0;0;0;0;NA;NA;NA;"Ministério da Segurança Pública"
2014;27;2870599245;2735599399;31600000;6556551;NA;NA;9197;"AGU - Advocacia Geral da União"
2014;176;848787129;814493214;12983391;3294109;NA;NA;NA;"Controladoria Geral da União"
2014;421;11470023474;7652170803;1394648698;114615590;8610;8255;11082;"Ministério da Agricultura, Pecuária e Abastecimento"
2014;422;10215851696;6630474529;1321750072;326320821;2778;1026;6887;"Ministério da Ciência e Tecnologia"
2014;423;3327434400;1054817413;510507202;30968628;654;373;3851;"Ministério da Cultura"
2014;424;80961206895;70877260931;9764000107;4791982106;8111;13266;21080;"Ministério da Defesa"
2014;425;28568603844;20521317778;973047456;157995280;61104;39228;NA;"Ministério da Economia"
2014;426;1,01e+18;79730860685;14497899431;2608328317;220707;51961;270024;"Ministério da Educação"
2014;429;12756351338;9224181566;1871913311;122254675;23479;9861;32897;"Ministério da Justiça"
2014;430;431885901;124926390;191669164;4268501;345;191;531;"Ministério da Pesca e Aquicultura"
2014;431;4,16e+18;3,92e+18;148575538;76750933;730;566;39205;"Ministério da Previdência Social"
2014;432;1,08e+18;94107630692;9444750766;1481059029;48989;51674;99751;"Ministério da Saúde"
2014;433;38403488402;17564052623;15762189024;2585188234;2120;1593;437;"Ministério das Cidades"
2014;434;13099967863;1898721950;129127111;4295259;512;505;2404;"Ministério das Comunicações"
2014;435;2680771277;2669999494;32121266;26471477;2770;799;3451;"Ministério das Relações Exteriores"
2014;436;5010696034;1617630990;148296897;17412151;2575;1795;4202;"Ministério de Minas e Energia"
2014;437;5622126874;3051469168;782867867;54475761;442;182;5946;"Ministério do Desenvolvimento Agrário"
2014;438;71291877788;67177797342;806726374;208661896;794;170;862;"Ministério do Desenvolvimento Social e Combate à Fome"
2014;439;2827574436;1650566872;174909022;35272446;NA;NA;3410;"Ministério do Desenvolvimento, Indústria e Comércio Exterior"
2014;440;3349128330;843573951;2290062356;418869468;342;141;459;"Ministério do Esporte"
2014;442;3316215388;2410630337;201593570;23653869;4975;3835;8914;"Ministério do Meio Ambiente"
2014;444;6319790482;4572349977;193652315;5298456;4667;1588;16582;"Ministério do Planejamento, Orçamento e Gestão"
2014;445;77070781638;70651940769;114044149;11302427;5260;2942;8338;"Ministério do Trabalho e Emprego"
2014;446;1622486104;244981149;1195143609;18601689;2493;946;503;"Ministério do Turismo"
2014;523;2202537812;1728149346;100702250;15787695;15145;5613;9151;"Presidência da República"
2014;551;354456906;325768107;5987000;362647;NA;NA;NA;"Secretaria de Assuntos Estratégicos"
2014;552;4251072417;1873037918;704070693;101438389;NA;NA;NA;"Secretaria de Aviação Civil"
2014;557;57718698;21350166;11693429;360802;NA;NA;NA;"Secretaria de Políticas de Promoção da Igualdade Racial"
2014;561;325685270;113328342;126046503;14431340;NA;NA;NA;"Secretaria Especial de Direitos Humanos"
2014;562;219229726;73099258;84846880;11690890;NA;NA;NA;"Secretaria Especial de Políticas para as Mulheres"
2014;564;1523347041;216658040;567395552;30596842;NA;NA;NA;"Secretaria Nacional de Portos"
2014;658;11010229;9030863;250000;187268;NA;NA;NA;"Vice-Presidência da República"
2014;700;21730763598;9998181329;16305813264;5225165065;4830;3658;NA;"Ministério da Infra-Estrutura"
2014;750;0;0;0;0;NA;NA;NA;"Ministério da Mulher, da Família e dos Direitos Humanos"
2014;751;87152148;51403292;12866679;3838757;NA;NA;NA;"Secretaria Especial da Micro e Pequena Empresa"
2014;752;0;0;0;0;NA;NA;NA;"Ministério da Segurança Pública"
2015;27;3250639541;3049862399;72375680;458891;NA;NA;NA;"AGU - Advocacia Geral da União"
2015;176;904573152;861686181;15653019;1965143;NA;NA;NA;"Controladoria Geral da União"
2015;421;12489910095;7970717552;1530230382;22968801;8412;7829;10774;"Ministério da Agricultura, Pecuária e Abastecimento"
2015;422;10084697771;5819261618;969523151;120919501;2772;1059;6652;"Ministério da Ciência e Tecnologia"
2015;423;3364096163;1014871065;380554371;37790855;641;338;3832;"Ministério da Cultura"
2015;424;87950435439;73843568577;11194605080;2468023908;8145;12528;20384;"Ministério da Defesa"
2015;425;32543619556;22085795511;807073576;184851828;59795;37774;NA;"Ministério da Economia"
2015;426;1,1e+18;86019861161;13163047445;1363970692;238501;42851;278444;"Ministério da Educação"
2015;429;13484627648;9962542811;1715859306;62476408;23416;9199;32156;"Ministério da Justiça"
2015;430;774623177;104017982;439111063;651129;254;122;371;"Ministério da Pesca e Aquicultura"
2015;431;4,55e+18;4,28e+18;43218871;12957771;757;533;37924;"Ministério da Previdência Social"
2015;432;1,21e+18;1,02e+18;10286884924;1125731606;51751;49710;100806;"Ministério da Saúde"
2015;433;46296858282;20517718547;16106518426;1472035261;2070;1515;432;"Ministério das Cidades"
2015;434;11203057174;1942289092;81113931;1705344;503;485;2440;"Ministério das Comunicações"
2015;435;3375592276;3397099674;69494042;18588495;2707;752;3353;"Ministério das Relações Exteriores"
2015;436;4532093237;2387437599;141187688;15330485;2565;1786;4196;"Ministério de Minas e Energia"
2015;437;6118401247;2967991783;1091378072;14967701;467;157;5641;"Ministério do Desenvolvimento Agrário"
2015;438;75418639201;70065267417;422690964;22604510;782;162;834;"Ministério do Desenvolvimento Social e Combate à Fome"
2015;439;3352701600;1800639382;282283025;7254664;NA;NA;3236;"Ministério do Desenvolvimento, Indústria e Comércio Exterior"
2015;440;3473526867;663037557;2578877661;260245934;335;132;444;"Ministério do Esporte"
2015;442;3331061237;2484340581;162166571;14166576;4803;3717;8639;"Ministério do Meio Ambiente"
2015;444;5545657045;4795297373;48337410;6949448;4577;1793;28056;"Ministério do Planejamento, Orçamento e Gestão"
2015;445;86683256512;82031906077;146429031;9547003;5002;2810;7971;"Ministério do Trabalho e Emprego"
2015;446;2067231552;195301597;1559138681;2853911;2524;907;469;"Ministério do Turismo"
2015;523;2509946649;1738938332;82487650;5977127;15156;5499;18493;"Presidência da República"
2015;551;359657989;329529483;2117941;543568;NA;NA;NA;"Secretaria de Assuntos Estratégicos"
2015;552;5535878014;2108566188;482033650;53184105;NA;NA;NA;"Secretaria de Aviação Civil"
2015;557;76703049;17934068;13697069;14335;NA;NA;NA;"Secretaria de Políticas de Promoção da Igualdade Racial"
2015;561;407373624;89554840;182844380;647000;NA;NA;NA;"Secretaria Especial de Direitos Humanos"
2015;562;266413888;71194340;109025905;18214493;NA;NA;NA;"Secretaria Especial de Políticas para as Mulheres"
2015;564;1119008932;284762007;454969974;3699739;NA;NA;NA;"Secretaria Nacional de Portos"
2015;658;12315056;9963579;580000;86094;NA;NA;NA;"Vice-Presidência da República"
2015;700;19083215035;7122987870;12917391607;1968974729;4847;3562;NA;"Ministério da Infra-Estrutura"
2015;750;0;0;0;0;NA;NA;NA;"Ministério da Mulher, da Família e dos Direitos Humanos"
2015;751;99057930;46435576;16690998;2391541;NA;NA;NA;"Secretaria Especial da Micro e Pequena Empresa"
2015;752;0;0;0;0;NA;NA;NA;"Ministério da Segurança Pública"
2016;27;3438675497;3330347653;10048329;273470;NA;NA;NA;"AGU - Advocacia Geral da União"
2016;176;934831353;891469655;16847496;3109760;NA;NA;NA;"Controladoria Geral da União"
2016;421;12813238300;8845330281;876561969;115090076;8286;7572;10620;"Ministério da Agricultura, Pecuária e Abastecimento"
2016;422;9271969654;5995707643;676962735;266868272;2682;1034;8654;"Ministério da Ciência e Tecnologia"
2016;423;2587463803;1114839004;204649996;68894971;537;263;3536;"Ministério da Cultura"
2016;424;86435912282;79740762836;7313613463;4519726458;7600;12115;19435;"Ministério da Defesa"
2016;425;26522889223;21930624178;516181531;183313173;58760;36986;NA;"Ministério da Economia"
2016;426;1,06e+18;90683711320;6348185576;1685099241;252488;38750;288314;"Ministério da Educação"
2016;429;15750019143;11972693039;2600819143;1193081641;24351;8856;32777;"Ministério da Justiça"
2016;430;0;0;0;0;NA;NA;NA;"Ministério da Pesca e Aquicultura"
2016;431;0;0;0;0;727;516;36709;"Ministério da Previdência Social"
2016;432;1,21e+18;1,09e+18;6769116206;2023832202;54767;48173;102314;"Ministério da Saúde"
2016;433;20926884959;12743653932;8700953030;2247067026;1998;1454;392;"Ministério das Cidades"
2016;434;6642511995;2329753568;40824850;4860644;NA;NA;NA;"Ministério das Comunicações"
2016;435;3558524635;2974176983;52934401;20156945;2697;718;3321;"Ministério das Relações Exteriores"
2016;436;8321866339;5426842788;100611047;33209922;2496;1747;4101;"Ministério de Minas e Energia"
2016;437;4096221902;3130297046;370546401;81911930;365;109;5266;"Ministério do Desenvolvimento Agrário"
2016;438;81090014180;78590768606;258974908;101352515;722;146;768;"Ministério do Desenvolvimento Social e Combate à Fome"
2016;439;3080638022;1715761515;249726809;7489654;NA;NA;3190;"Ministério do Desenvolvimento, Indústria e Comércio Exterior"
2016;440;1740685964;483241806;1023616523;205383427;285;101;367;"Ministério do Esporte"
2016;442;3137805790;2619154559;108486248;4031045;4854;2705;7709;"Ministério do Meio Ambiente"
2016;444;6210137332;5312055898;118366566;10786472;4782;1669;28803;"Ministério do Planejamento, Orçamento e Gestão"
2016;445;6,09e+18;5,89e+18;140982714;28438938;4925;2695;7762;"Ministério do Trabalho e Emprego"
2016;446;1054310429;212831095;691445767;3877533;2455;849;416;"Ministério do Turismo"
2016;523;2567420208;1910504844;40302899;12838096;15170;5529;17437;"Presidência da República"
2016;551;0;0;0;0;NA;NA;NA;"Secretaria de Assuntos Estratégicos"
2016;552;19215236816;2421417962;217572028;16778145;NA;NA;NA;"Secretaria de Aviação Civil"
2016;557;0;0;0;0;NA;NA;NA;"Secretaria de Políticas de Promoção da Igualdade Racial"
2016;561;0;121682;0;0;NA;NA;NA;"Secretaria Especial de Direitos Humanos"
2016;562;0;0;0;0;NA;NA;NA;"Secretaria Especial de Políticas para as Mulheres"
2016;564;988446871;333181350;471413781;32171814;NA;NA;NA;"Secretaria Nacional de Portos"
2016;658;11168214;7326897;500260;3249;NA;NA;NA;"Vice-Presidência da República"
2016;700;13977448475;8909163446;8167761981;3557165552;4779;3433;NA;"Ministério da Infra-Estrutura"
2016;750;451452712;190833241;82375998;2672976;NA;NA;NA;"Ministério da Mulher, da Família e dos Direitos Humanos"
2016;751;0;0;0;0;NA;NA;NA;"Secretaria Especial da Micro e Pequena Empresa"
2016;752;0;0;0;0;NA;NA;NA;"Ministério da Segurança Pública"
2017;27;3637802055;3503471125;23921897;690526;NA;NA;NA;"AGU - Advocacia Geral da União"
2017;176;1023771647;966258197;11084782;2966852;2084;267;NA;"Controladoria Geral da União"
2017;421;12416655581;9534358802;1080309183;52473376;7727;7117;NA;"Ministério da Agricultura, Pecuária e Abastecimento"
2017;422;14954716524;8092391439;850473116;380362954;2555;965;NA;"Ministério da Ciência e Tecnologia"
2017;423;2647913077;1200838601;234113246;82911059;552;250;NA;"Ministério da Cultura"
2017;424;94987261952;87625639492;8870095530;5884596238;7295;11349;NA;"Ministério da Defesa"
2017;425;28247924127;25180485823;589529454;232501906;58886;37417;NA;"Ministério da Economia"
2017;426;1,11e+18;96611127215;6116785878;1161387017;261824;35247;NA;"Ministério da Educação"
2017;429;17066014731;13093874951;2292861021;538756730;23767;8316;NA;"Ministério da Justiça"
2017;430;0;0;0;0;NA;NA;NA;"Ministério da Pesca e Aquicultura"
2017;431;0;0;0;0;NA;NA;NA;"Ministério da Previdência Social"
2017;432;1,3e+18;1,12e+18;8216962892;922360567;57971;45796;NA;"Ministério da Saúde"
2017;433;19936787801;10029329148;10384142082;2452710689;1926;1365;NA;"Ministério das Cidades"
2017;434;0;0;0;0;NA;NA;NA;"Ministério das Comunicações"
2017;435;3196688847;3110151196;47700711;23406368;2696;663;NA;"Ministério das Relações Exteriores"
2017;436;4001715662;2705513818;69935550;6887364;2489;1690;NA;"Ministério de Minas e Energia"
2017;437;0;0;0;0;NA;NA;NA;"Ministério do Desenvolvimento Agrário"
2017;438;6,63e+18;6,42e+18;300561973;25682818;1040;302;NA;"Ministério do Desenvolvimento Social e Combate à Fome"
2017;439;2715816968;1779400105;73625277;15900523;NA;NA;NA;"Ministério do Desenvolvimento, Indústria e Comércio Exterior"
2017;440;1577127013;320000675;908835102;112498365;183;75;NA;"Ministério do Esporte"
2017;442;3926652505;3009084787;197389726;27944609;4816;2219;NA;"Ministério do Meio Ambiente"
2017;444;7335093981;6052159378;135840879;58789158;4805;1556;NA;"Ministério do Planejamento, Orçamento e Gestão"
2017;445;86446117261;77888666875;94782384;27460249;4693;2584;NA;"Ministério do Trabalho e Emprego"
2017;446;986213262;205096946;671211594;16038631;2415;824;NA;"Ministério do Turismo"
2017;523;6944147530;4642029571;605163745;56967053;13314;4970;NA;"Presidência da República"
2017;551;0;0;0;0;NA;NA;NA;"Secretaria de Assuntos Estratégicos"
2017;552;0;0;0;0;NA;NA;NA;"Secretaria de Aviação Civil"
2017;557;0;0;0;0;NA;NA;NA;"Secretaria de Políticas de Promoção da Igualdade Racial"
2017;561;0;0;0;0;NA;NA;NA;"Secretaria Especial de Direitos Humanos"
2017;562;0;0;0;0;NA;NA;NA;"Secretaria Especial de Políticas para as Mulheres"
2017;564;0;0;0;0;NA;NA;NA;"Secretaria Nacional de Portos"
2017;658;7013455;902506;168123;0;NA;NA;NA;"Vice-Presidência da República"
2017;700;26124487611;14657779043;10003831064;5562804953;4961;3424;NA;"Ministério da Infra-Estrutura"
2017;750;0;0;0;0;177;56;NA;"Ministério da Mulher, da Família e dos Direitos Humanos"
2017;751;0;0;0;0;NA;NA;NA;"Secretaria Especial da Micro e Pequena Empresa"
2017;752;0;0;0;0;NA;NA;NA;"Ministério da Segurança Pública"
2018;27;3930824888;3497391752;21662069;1334246;NA;NA;NA;"AGU - Advocacia Geral da União"
2018;176;1082654205;954904898;14000725;5253477;2061;240;NA;"Controladoria Geral da União"
2018;421;12172996402;8827544279;1218035443;106022543;7914;6564;NA;"Ministério da Agricultura, Pecuária e Abastecimento"
2018;422;12345225985;8227748385;573706447;287475256;2512;923;NA;"Ministério da Ciência e Tecnologia"
2018;423;2618581906;1167182603;217984471;100595011;524;231;NA;"Ministério da Cultura"
2018;424;1,05e+18;91686035922;8539147252;6115234113;7203;10538;NA;"Ministério da Defesa"
2018;425;30854153933;25401011383;467059175;178511926;57343;36229;NA;"Ministério da Economia"
2018;426;1,12e+17;98161637160;4322191693;1621864747;269125;31732;NA;"Ministério da Educação"
2018;429;16814108168;12356004694;1799567408;214831311;23692;7839;NA;"Ministério da Justiça"
2018;430;0;0;0;0;NA;NA;NA;"Ministério da Pesca e Aquicultura"
2018;431;0;0;0;0;NA;NA;NA;"Ministério da Previdência Social"
2018;432;1,32e+18;1,17e+16;5416571103;1975694305;58374;43337;NA;"Ministério da Saúde"
2018;433;18540207729;10378661081;8393041914;2146673589;1862;1278;NA;"Ministério das Cidades"
2018;434;0;0;0;0;NA;NA;NA;"Ministério das Comunicações"
2018;435;3678850884;3481107440;76910125;45765601;2685;635;NA;"Ministério das Relações Exteriores"
2018;436;15461092392;7517143198;101741924;18571172;2418;1641;NA;"Ministério de Minas e Energia"
2018;437;0;0;0;0;NA;NA;NA;"Ministério do Desenvolvimento Agrário"
2018;438;6,96e+18;6,55e+18;477642533;158323010;1063;290;NA;"Ministério do Desenvolvimento Social e Combate à Fome"
2018;439;2786751355;2175360088;42285800;9118716;NA;NA;NA;"Ministério do Desenvolvimento, Indústria e Comércio Exterior"
2018;440;1381518571;273389145;798545102;56739419;186;64;NA;"Ministério do Esporte"
2018;442;3379813136;2564001689;102085005;28200928;4698;2403;NA;"Ministério do Meio Ambiente"
2018;444;7736455726;5796060044;88416297;20685038;4741;1488;NA;"Ministério do Planejamento, Orçamento e Gestão"
2018;445;84001509692;78475811483;55202550;6526485;4521;2418;NA;"Ministério do Trabalho e Emprego"
2018;446;1246779682;235243340;961791666;17890336;2337;767;NA;"Ministério do Turismo"
2018;523;8242857622;4947141003;1442719178;213971903;13896;5018;NA;"Presidência da República"
2018;551;0;0;0;0;NA;NA;NA;"Secretaria de Assuntos Estratégicos"
2018;552;0;0;0;0;NA;NA;NA;"Secretaria de Aviação Civil"
2018;557;0;0;0;0;NA;NA;NA;"Secretaria de Políticas de Promoção da Igualdade Racial"
2018;561;0;0;0;0;NA;NA;NA;"Secretaria Especial de Direitos Humanos"
2018;562;0;0;0;0;NA;NA;NA;"Secretaria Especial de Políticas para as Mulheres"
2018;564;0;0;0;0;NA;NA;NA;"Secretaria Nacional de Portos"
2018;658;3660568;1220053;105621;0;NA;NA;NA;"Vice-Presidência da República"
2018;700;20035633212;12249926243;8428047373;5344537698;4885;3338;NA;"Ministério da Infra-Estrutura"
2018;750;494208367;264092828;159099187;61921080;306;102;NA;"Ministério da Mulher, da Família e dos Direitos Humanos"
2018;751;0;0;0;0;NA;NA;NA;"Secretaria Especial da Micro e Pequena Empresa"
2018;752;0;0;0;0;NA;NA;NA;"Ministério da Segurança Pública"
2019;27;4066944825;3600634505;16821797;442511;NA;NA;NA;"AGU - Advocacia Geral da União"
2019;176;1142790180;1006400325;21167516;4180395;2037;217;NA;"Controladoria Geral da União"
2019;421;17837634971;12904693589;1752931340;35199184;7801;5105;NA;"Ministério da Agricultura, Pecuária e Abastecimento"
2019;422;13909133639;7661043463;459628457;236711182;2408;848;NA;"Ministério da Ciência e Tecnologia"
2019;423;0;0;0;0;NA;NA;NA;"Ministério da Cultura"
2019;424;1,15e+18;1,01e+17;8135320946;5544210205;6536;9207;NA;"Ministério da Defesa"
2019;425;7,73e+18;7,22e+18;851607828;203683556;61491;35017;NA;"Ministério da Economia"
2019;426;1,24e+18;1,01e+18;5881335448;836128009;272632;27411;NA;"Ministério da Educação"
2019;429;18546428199;12999760782;2748115868;375246720;23802;7355;NA;"Ministério da Justiça"
2019;430;0;0;0;0;NA;NA;NA;"Ministério da Pesca e Aquicultura"
2019;431;0;0;0;0;NA;NA;NA;"Ministério da Previdência Social"
2019;432;1,38e+18;1,24e+18;4506624961;1179557218;62266;36770;NA;"Ministério da Saúde"
2019;433;18958684391;10691594811;9408593370;2139219093;1707;1018;NA;"Ministério das Cidades"
2019;434;0;0;0;0;NA;NA;NA;"Ministério das Comunicações"
2019;435;3994449554;3586822883;67467000;39596758;2620;553;NA;"Ministério das Relações Exteriores"
2019;436;43623193759;38232590440;179358994;34086238;2425;1525;NA;"Ministério de Minas e Energia"
2019;437;0;0;0;0;NA;NA;NA;"Ministério do Desenvolvimento Agrário"
2019;438;1,02e+18;95369508509;1070427055;143396025;1256;391;NA;"Ministério do Desenvolvimento Social e Combate à Fome"
2019;439;0;0;0;0;NA;NA;NA;"Ministério do Desenvolvimento, Indústria e Comércio Exterior"
2019;440;0;0;0;0;NA;NA;NA;"Ministério do Esporte"
2019;442;3626450439;2392841139;151358006;9890475;4258;2010;NA;"Ministério do Meio Ambiente"
2019;444;0;253;0;0;NA;NA;NA;"Ministério do Planejamento, Orçamento e Gestão"
2019;445;0;0;0;0;NA;NA;NA;"Ministério do Trabalho e Emprego"
2019;446;935617833;177042391;607554564;1938674;2390;698;NA;"Ministério do Turismo"
2019;523;2401790772;1755913696;66755533;8456965;13183;4543;NA;"Presidência da República"
2019;551;0;0;0;0;NA;NA;NA;"Secretaria de Assuntos Estratégicos"
2019;552;0;0;0;0;NA;NA;NA;"Secretaria de Aviação Civil"
2019;557;0;0;0;0;NA;NA;NA;"Secretaria de Políticas de Promoção da Igualdade Racial"
2019;561;0;0;0;0;NA;NA;NA;"Secretaria Especial de Direitos Humanos"
2019;562;0;0;0;0;NA;NA;NA;"Secretaria Especial de Políticas para as Mulheres"
2019;564;0;0;0;0;NA;NA;NA;"Secretaria Nacional de Portos"
2019;658;19251155;14618158;785856;715817;NA;NA;NA;"Vice-Presidência da República"
2019;700;21114197720;11952260695;7702299595;4773912572;4615;2888;NA;"Ministério da Infra-Estrutura"
2019;750;610446878;213271855;173293093;34360894;378;81;NA;"Ministério da Mulher, da Família e dos Direitos Humanos"
2019;751;0;0;0;0;NA;NA;NA;"Secretaria Especial da Micro e Pequena Empresa"
2019;752;0;0;0;0;NA;NA;NA;"Ministério da Segurança Pública"
2020;27;4075577557;3655138507;20754634;127484;NA;NA;NA;"AGU - Advocacia Geral da União"
2020;176;1149166257;1034224350;19709525;3346831;2017;216;NA;"Controladoria Geral da União"
2020;421;17292155290;12494196554;1745421797;40029557;7589;4561;NA;"Ministério da Agricultura, Pecuária e Abastecimento"
2020;422;13604870061;6984365336;503984115;254150011;2370;815;NA;"Ministério da Ciência e Tecnologia"
2020;423;0;0;0;0;NA;NA;NA;"Ministério da Cultura"
2020;424;1,16e+18;1e+18;7726418312;5858564623;6352;8403;NA;"Ministério da Defesa"
2020;425;8,8e+18;7,87e+18;597109010;169327297;61838;34479;NA;"Ministério da Economia"
2020;426;1,19e+18;99444843487;4351657589;1121549216;269796;24823;NA;"Ministério da Educação"
2020;429;19281885360;14591430391;2985675016;1086689626;25985;6452;NA;"Ministério da Justiça"
2020;430;0;0;0;0;NA;NA;NA;"Ministério da Pesca e Aquicultura"
2020;431;0;0;0;0;NA;NA;NA;"Ministério da Previdência Social"
2020;432;1,98e+18;1,6e+18;6160946348;3212149464;63639;33281;NA;"Ministério da Saúde"
2020;433;19501005933;9107596968;11886431604;2752398682;1736;950;NA;"Ministério das Cidades"
2020;434;0;0;0;0;NA;NA;NA;"Ministério das Comunicações"
2020;435;4529619252;4173880035;24934124;12964497;2644;530;NA;"Ministério das Relações Exteriores"
2020;436;7978833355;4819454138;121624950;37204409;2403;1461;NA;"Ministério de Minas e Energia"
2020;437;0;0;0;0;NA;NA;NA;"Ministério do Desenvolvimento Agrário"
2020;438;4,15e+18;3,79e+17;650378883;89741537;818;191;NA;"Ministério do Desenvolvimento Social e Combate à Fome"
2020;439;0;0;0;0;NA;NA;NA;"Ministério do Desenvolvimento, Indústria e Comércio Exterior"
2020;440;0;0;0;0;NA;NA;NA;"Ministério do Esporte"
2020;442;2963154740;2163255380;72037340;2599567;4240;2936;NA;"Ministério do Meio Ambiente"
2020;444;0;0;0;0;NA;NA;NA;"Ministério do Planejamento, Orçamento e Gestão"
2020;445;0;0;0;0;NA;NA;NA;"Ministério do Trabalho e Emprego"
2020;446;2176069758;646995357;868417269;22592925;2703;864;NA;"Ministério do Turismo"
2020;523;2361960063;1756157388;109724409;7376422;13148;4398;NA;"Presidência da República"
2020;551;0;0;0;0;NA;NA;NA;"Secretaria de Assuntos Estratégicos"
2020;552;0;0;0;0;NA;NA;NA;"Secretaria de Aviação Civil"
2020;557;0;0;0;0;NA;NA;NA;"Secretaria de Políticas de Promoção da Igualdade Racial"
2020;561;0;0;0;0;NA;NA;NA;"Secretaria Especial de Direitos Humanos"
2020;562;0;0;0;0;NA;NA;NA;"Secretaria Especial de Políticas para as Mulheres"
2020;564;0;0;0;0;NA;NA;NA;"Secretaria Nacional de Portos"
2020;658;16684566;12058768;1094250;407771;NA;NA;NA;"Vice-Presidência da República"
2020;700;22590072422;10559612835;8450015694;5133576388;4585;2787;NA;"Ministério da Infra-Estrutura"
2020;750;852839736;396766535;161534616;7122974;392;73;NA;"Ministério da Mulher, da Família e dos Direitos Humanos"
2020;751;0;0;0;0;NA;NA;NA;"Secretaria Especial da Micro e Pequena Empresa"
2020;752;0;0;0;0;NA;NA;NA;"Ministério da Segurança Pública"
1999;421;NA;NA;NA;NA;5830;11109;10771;"Ministério da Agricultura, Pecuária e Abastecimento"
1999;422;NA;NA;NA;NA;1602;2285;6875;"Ministério da Ciência e Tecnologia"
1999;423;NA;NA;NA;NA;158;219;2585;"Ministério da Cultura"
1999;424;NA;NA;NA;NA;5862;26353;32031;"Ministério da Defesa"
1999;425;NA;NA;NA;NA;42083;61745;NA;"Ministério da Economia"
1999;426;NA;NA;NA;NA;75279;79696;165510;"Ministério da Educação"
1999;429;NA;NA;NA;NA;7536;15912;23113;"Ministério da Justiça"
1999;431;NA;NA;NA;NA;534;809;41566;"Ministério da Previdência Social"
1999;432;NA;NA;NA;NA;39640;72534;110804;"Ministério da Saúde"
1999;433;NA;NA;NA;NA;1022;2028;NA;"Ministério das Cidades"
1999;434;NA;NA;NA;NA;355;739;1657;"Ministério das Comunicações"
1999;435;NA;NA;NA;NA;1991;1203;3051;"Ministério das Relações Exteriores"
1999;436;NA;NA;NA;NA;1092;1004;1872;"Ministério de Minas e Energia"
1999;438;NA;NA;NA;NA;24;17;NA;"Ministério do Desenvolvimento Social e Combate à Fome"
1999;440;NA;NA;NA;NA;88;116;185;"Ministério do Esporte"
1999;442;NA;NA;NA;NA;2155;3762;8024;"Ministério do Meio Ambiente"
1999;444;NA;NA;NA;NA;1983;1925;13164;"Ministério do Planejamento, Orçamento e Gestão"
1999;445;NA;NA;NA;NA;4452;3242;7863;"Ministério do Trabalho e Emprego"
1999;446;NA;NA;NA;NA;1202;1323;NA;"Ministério do Turismo"
1999;523;NA;NA;NA;NA;2695;4388;2519;"Presidência da República"
1999;700;NA;NA;NA;NA;1586;3115;NA;"Ministério da Infra-Estrutura"
NA;439;NA;NA;NA;NA;0;0;NA;"Ministério do Desenvolvimento, Indústria e Comércio Exterior"
1997;523;NA;NA;NA;NA;NA;NA;5370;"Presidência da República"
1998;523;NA;NA;NA;NA;NA;NA;5401;"Presidência da República"
1997;27;NA;NA;NA;NA;NA;NA;16;"AGU - Advocacia Geral da União"
1998;27;NA;NA;NA;NA;NA;NA;2068;"AGU - Advocacia Geral da União"
1999;27;NA;NA;NA;NA;NA;NA;2196;"AGU - Advocacia Geral da União"
1997;421;NA;NA;NA;NA;NA;NA;11703;"Ministério da Agricultura, Pecuária e Abastecimento"
1998;421;NA;NA;NA;NA;NA;NA;11151;"Ministério da Agricultura, Pecuária e Abastecimento"
1997;433;NA;NA;NA;NA;NA;NA;NA;"Ministério das Cidades"
1998;433;NA;NA;NA;NA;NA;NA;NA;"Ministério das Cidades"
1997;422;NA;NA;NA;NA;NA;NA;4571;"Ministério da Ciência e Tecnologia"
1998;422;NA;NA;NA;NA;NA;NA;4355;"Ministério da Ciência e Tecnologia"
1997;434;NA;NA;NA;NA;NA;NA;1313;"Ministério das Comunicações"
1998;434;NA;NA;NA;NA;NA;NA;1322;"Ministério das Comunicações"
1997;423;NA;NA;NA;NA;NA;NA;2844;"Ministério da Cultura"
1998;423;NA;NA;NA;NA;NA;NA;2695;"Ministério da Cultura"
1997;424;NA;NA;NA;NA;NA;NA;35362;"Ministério da Defesa"
1998;424;NA;NA;NA;NA;NA;NA;33901;"Ministério da Defesa"
1997;437;NA;NA;NA;NA;NA;NA;6267;"Ministério do Desenvolvimento Agrário"
1998;437;NA;NA;NA;NA;NA;NA;6004;"Ministério do Desenvolvimento Agrário"
1999;437;NA;NA;NA;NA;NA;NA;5798;"Ministério do Desenvolvimento Agrário"
1997;438;NA;NA;NA;NA;NA;NA;NA;"Ministério do Desenvolvimento Social e Combate à Fome"
1998;438;NA;NA;NA;NA;NA;NA;NA;"Ministério do Desenvolvimento Social e Combate à Fome"
1997;439;NA;NA;NA;NA;NA;NA;2411;"Ministério do Desenvolvimento, Indústria e Comércio Exterior"
1998;439;NA;NA;NA;NA;NA;NA;2335;"Ministério do Desenvolvimento, Indústria e Comércio Exterior"
1999;439;NA;NA;NA;NA;NA;NA;2580;"Ministério do Desenvolvimento, Indústria e Comércio Exterior"
1997;426;NA;NA;NA;NA;NA;NA;174966;"Ministério da Educação"
1998;426;NA;NA;NA;NA;NA;NA;168403;"Ministério da Educação"
1997;440;NA;NA;NA;NA;NA;NA;169;"Ministério do Esporte"
1998;440;NA;NA;NA;NA;NA;NA;159;"Ministério do Esporte"
1997;427;NA;NA;NA;NA;NA;NA;26207;"Ministério da Fazenda"
1998;427;NA;NA;NA;NA;NA;NA;28080;"Ministério da Fazenda"
1999;427;NA;NA;NA;NA;NA;NA;26958;"Ministério da Fazenda"
2000;427;NA;NA;NA;NA;NA;NA;25331;"Ministério da Fazenda"
2001;427;NA;NA;NA;NA;NA;NA;26098;"Ministério da Fazenda"
2002;427;NA;NA;NA;NA;NA;NA;26297;"Ministério da Fazenda"
2003;427;NA;NA;NA;NA;NA;NA;25622;"Ministério da Fazenda"
2004;427;NA;NA;NA;NA;NA;NA;26098;"Ministério da Fazenda"
2005;427;NA;NA;NA;NA;NA;NA;26404;"Ministério da Fazenda"
2006;427;NA;NA;NA;NA;NA;NA;28672;"Ministério da Fazenda"
2007;427;NA;NA;NA;NA;NA;NA;33233;"Ministério da Fazenda"
2008;427;NA;NA;NA;NA;NA;NA;33033;"Ministério da Fazenda"
2009;427;NA;NA;NA;NA;NA;NA;34301;"Ministério da Fazenda"
2010;427;NA;NA;NA;NA;NA;NA;35380;"Ministério da Fazenda"
2011;427;NA;NA;NA;NA;NA;NA;34348;"Ministério da Fazenda"
2012;427;NA;NA;NA;NA;NA;NA;33292;"Ministério da Fazenda"
2013;427;NA;NA;NA;NA;NA;NA;33228;"Ministério da Fazenda"
2014;427;NA;NA;NA;NA;NA;NA;33075;"Ministério da Fazenda"
2015;427;NA;NA;NA;NA;NA;NA;32673;"Ministério da Fazenda"
2016;427;NA;NA;NA;NA;NA;NA;31857;"Ministério da Fazenda"
1997;428;NA;NA;NA;NA;NA;NA;NA;"Ministério da Integração Nacional"
1998;428;NA;NA;NA;NA;NA;NA;NA;"Ministério da Integração Nacional"
1999;428;NA;NA;NA;NA;NA;NA;184;"Ministério da Integração Nacional"
2000;428;NA;NA;NA;NA;NA;NA;3905;"Ministério da Integração Nacional"
2001;428;NA;NA;NA;NA;NA;NA;2480;"Ministério da Integração Nacional"
2002;428;NA;NA;NA;NA;NA;NA;2537;"Ministério da Integração Nacional"
2003;428;NA;NA;NA;NA;NA;NA;2469;"Ministério da Integração Nacional"
2004;428;NA;NA;NA;NA;NA;NA;2764;"Ministério da Integração Nacional"
2005;428;NA;NA;NA;NA;NA;NA;2674;"Ministério da Integração Nacional"
2006;428;NA;NA;NA;NA;NA;NA;2667;"Ministério da Integração Nacional"
2007;428;NA;NA;NA;NA;NA;NA;2719;"Ministério da Integração Nacional"
2008;428;NA;NA;NA;NA;NA;NA;2759;"Ministério da Integração Nacional"
2009;428;NA;NA;NA;NA;NA;NA;2793;"Ministério da Integração Nacional"
2010;428;NA;NA;NA;NA;NA;NA;3060;"Ministério da Integração Nacional"
2011;428;NA;NA;NA;NA;NA;NA;2962;"Ministério da Integração Nacional"
2012;428;NA;NA;NA;NA;NA;NA;2871;"Ministério da Integração Nacional"
2013;428;NA;NA;NA;NA;NA;NA;2930;"Ministério da Integração Nacional"
2014;428;NA;NA;NA;NA;NA;NA;2798;"Ministério da Integração Nacional"
2015;428;NA;NA;NA;NA;NA;NA;2675;"Ministério da Integração Nacional"
2016;428;NA;NA;NA;NA;NA;NA;2571;"Ministério da Integração Nacional"
1997;429;NA;NA;NA;NA;NA;NA;23261;"Ministério da Justiça"
1998;429;NA;NA;NA;NA;NA;NA;22490;"Ministério da Justiça"
1997;442;NA;NA;NA;NA;NA;NA;8609;"Ministério do Meio Ambiente"
1998;442;NA;NA;NA;NA;NA;NA;8322;"Ministério do Meio Ambiente"
1997;436;NA;NA;NA;NA;NA;NA;2000;"Ministério de Minas e Energia"
1998;436;NA;NA;NA;NA;NA;NA;2030;"Ministério de Minas e Energia"
1997;444;NA;NA;NA;NA;NA;NA;16072;"Ministério do Planejamento, Orçamento e Gestão"
1998;444;NA;NA;NA;NA;NA;NA;14088;"Ministério do Planejamento, Orçamento e Gestão"
1997;430;NA;NA;NA;NA;NA;NA;NA;"Ministério da Pesca e Aquicultura"
1998;430;NA;NA;NA;NA;NA;NA;NA;"Ministério da Pesca e Aquicultura"
1999;430;NA;NA;NA;NA;NA;NA;NA;"Ministério da Pesca e Aquicultura"
1997;431;NA;NA;NA;NA;NA;NA;45718;"Ministério da Previdência Social"
1998;431;NA;NA;NA;NA;NA;NA;43789;"Ministério da Previdência Social"
1997;435;NA;NA;NA;NA;NA;NA;3099;"Ministério das Relações Exteriores"
1998;435;NA;NA;NA;NA;NA;NA;3140;"Ministério das Relações Exteriores"
1997;432;NA;NA;NA;NA;NA;NA;123159;"Ministério da Saúde"
1998;432;NA;NA;NA;NA;NA;NA;116862;"Ministério da Saúde"
1997;445;NA;NA;NA;NA;NA;NA;8126;"Ministério do Trabalho e Emprego"
1998;445;NA;NA;NA;NA;NA;NA;7810;"Ministério do Trabalho e Emprego"
1997;447;NA;NA;NA;NA;NA;NA;5235;"Ministério dos Transportes"
1998;447;NA;NA;NA;NA;NA;NA;4742;"Ministério dos Transportes"
1999;447;NA;NA;NA;NA;NA;NA;4504;"Ministério dos Transportes"
2000;447;NA;NA;NA;NA;NA;NA;4795;"Ministério dos Transportes"
2001;447;NA;NA;NA;NA;NA;NA;4724;"Ministério dos Transportes"
2002;447;NA;NA;NA;NA;NA;NA;4882;"Ministério dos Transportes"
2003;447;NA;NA;NA;NA;NA;NA;3878;"Ministério dos Transportes"
2004;447;NA;NA;NA;NA;NA;NA;4348;"Ministério dos Transportes"
2005;447;NA;NA;NA;NA;NA;NA;4651;"Ministério dos Transportes"
2006;447;NA;NA;NA;NA;NA;NA;5337;"Ministério dos Transportes"
2007;447;NA;NA;NA;NA;NA;NA;5454;"Ministério dos Transportes"
2008;447;NA;NA;NA;NA;NA;NA;5254;"Ministério dos Transportes"
2009;447;NA;NA;NA;NA;NA;NA;5895;"Ministério dos Transportes"
2010;447;NA;NA;NA;NA;NA;NA;6140;"Ministério dos Transportes"
2011;447;NA;NA;NA;NA;NA;NA;6136;"Ministério dos Transportes"
2012;447;NA;NA;NA;NA;NA;NA;6002;"Ministério dos Transportes"
2013;447;NA;NA;NA;NA;NA;NA;6264;"Ministério dos Transportes"
2014;447;NA;NA;NA;NA;NA;NA;6434;"Ministério dos Transportes"
2015;447;NA;NA;NA;NA;NA;NA;6251;"Ministério dos Transportes"
2016;447;NA;NA;NA;NA;NA;NA;6037;"Ministério dos Transportes"
1997;446;NA;NA;NA;NA;NA;NA;NA;"Ministério do Turismo"
1998;446;NA;NA;NA;NA;NA;NA;NA;"Ministério do Turismo"
