"ano";"id_org_unica";"org_limpo";"dotacao_atual_total";"pago_total";"dotacao_atual_invest";"pago_invest";"servidores_superior";"servidores_naosup";"pep_servidores";"forca_trabalho";"id_org_ano";"existencia";"estr_intl"
1997;27;"AGU - Advocacia Geral da União";NA;NA;NA;NA;NA;NA;NA;16;"199727";1;NA
1998;27;"AGU - Advocacia Geral da União";NA;NA;NA;NA;NA;NA;NA;2068;"199827";1;NA
1999;27;"AGU - Advocacia Geral da União";NA;NA;NA;NA;NA;NA;NA;2196;"199927";1;NA
2000;27;"AGU - Advocacia Geral da União";92451682;71077032;5987605;4119171;NA;NA;NA;2615;"200027";1;NA
2001;27;"AGU - Advocacia Geral da União";125041086;111052389;8499046;4720284;NA;NA;NA;3161;"200127";1;NA
2002;27;"AGU - Advocacia Geral da União";155876388;142112813;3660070;879018;NA;NA;NA;1683;"200227";1;NA
2003;27;"AGU - Advocacia Geral da União";246222205;211675714;6921442;2081548;NA;NA;NA;3804;"200327";1;NA
2004;27;"AGU - Advocacia Geral da União";855679261;796558509;14598576;1205468;NA;NA;NA;7382;"200427";1;NA
2005;27;"AGU - Advocacia Geral da União";1055289590;833935654;9218666;1417384;NA;NA;NA;7766;"200527";1;NA
2006;27;"AGU - Advocacia Geral da União";1141135024;1093274239;20776690;786108;NA;NA;NA;8249;"200627";1;NA
2007;27;"AGU - Advocacia Geral da União";1458331144;1383444871;18197408;2991998;NA;NA;NA;8900;"200727";1;NA
2008;27;"AGU - Advocacia Geral da União";1959309763;1828037271;77662580;2158961;NA;NA;NA;8977;"200827";1;NA
2009;27;"AGU - Advocacia Geral da União";2189399726;2072387449;24538735;5681682;NA;NA;NA;9111;"200927";1;NA
2010;27;"AGU - Advocacia Geral da União";2369824157;2282570545;32202223;11078475;NA;NA;NA;7351;"201027";1;1
2011;27;"AGU - Advocacia Geral da União";2442749174;2365751164;12936400;1176992;NA;NA;NA;7621;"201127";1;1
2012;27;"AGU - Advocacia Geral da União";2509071197;2401286209;19564498;798596;NA;NA;NA;7487;"201227";1;1
2013;27;"AGU - Advocacia Geral da União";2675202667;2562817187;5725600;1052660;NA;NA;NA;7435;"201327";1;1
2014;27;"AGU - Advocacia Geral da União";2870599245;2735599399;31600000;6556551;NA;NA;NA;9197;"201427";1;1
2015;27;"AGU - Advocacia Geral da União";3250639541;3049862399;72375680;458891;NA;NA;NA;NA;"201527";1;1
2016;27;"AGU - Advocacia Geral da União";3438675497;3330347653;10048329;273470;NA;NA;NA;NA;"201627";1;1
2017;27;"AGU - Advocacia Geral da União";3637802055;3503471125;23921897;690526;NA;NA;NA;NA;"201727";1;1
2018;27;"AGU - Advocacia Geral da União";3930824888;3497391752;21662069;1334246;NA;NA;NA;NA;"201827";1;1
2019;27;"AGU - Advocacia Geral da União";4066944825;3600634505;16821797;442511;NA;NA;NA;NA;"201927";1;1
2020;27;"AGU - Advocacia Geral da União";4075577557;3655138507;20754634;127484;NA;NA;NA;NA;"202027";1;1
2000;176;"Controladoria Geral da União";NA;NA;NA;NA;NA;NA;NA;NA;"2000176";0;NA
2001;176;"Controladoria Geral da União";NA;NA;NA;NA;NA;NA;NA;NA;"2001176";1;NA
2002;176;"Controladoria Geral da União";NA;NA;NA;NA;NA;NA;NA;NA;"2002176";1;0
2003;176;"Controladoria Geral da União";NA;NA;NA;NA;NA;NA;NA;NA;"2003176";1;0
2004;176;"Controladoria Geral da União";NA;NA;NA;NA;NA;NA;NA;NA;"2004176";1;0
2005;176;"Controladoria Geral da União";NA;NA;NA;NA;NA;NA;NA;NA;"2005176";1;0
2006;176;"Controladoria Geral da União";NA;NA;NA;NA;NA;NA;NA;NA;"2006176";1;1
2007;176;"Controladoria Geral da União";NA;NA;NA;NA;NA;NA;NA;NA;"2007176";1;1
2008;176;"Controladoria Geral da União";NA;NA;NA;NA;NA;NA;NA;NA;"2008176";1;1
2009;176;"Controladoria Geral da União";NA;NA;NA;NA;NA;NA;NA;NA;"2009176";1;1
2010;176;"Controladoria Geral da União";NA;NA;NA;NA;NA;NA;NA;NA;"2010176";1;1
2011;176;"Controladoria Geral da União";NA;NA;NA;NA;NA;NA;NA;NA;"2011176";1;1
2012;176;"Controladoria Geral da União";6999919;0;6999919;0;NA;NA;NA;NA;"2012176";1;1
2013;176;"Controladoria Geral da União";815962726;768466982;21576014;12499096;NA;NA;NA;NA;"2013176";1;1
2014;176;"Controladoria Geral da União";848787129;814493214;12983391;3294109;NA;NA;NA;NA;"2014176";1;1
2015;176;"Controladoria Geral da União";904573152;861686181;15653019;1965143;NA;NA;NA;NA;"2015176";1;1
2016;176;"Controladoria Geral da União";934831353;891469655;16847496;3109760;NA;NA;NA;NA;"2016176";1;1
2017;176;"Controladoria Geral da União";1023771647;966258197;11084782;2966852;2084;267;3221;NA;"2017176";1;1
2018;176;"Controladoria Geral da União";1082654205;954904898;14000725;5253477;2061;240;3241;NA;"2018176";1;1
2019;176;"Controladoria Geral da União";1142790180;1006400325;21167516;4180395;2037;217;3257;NA;"2019176";1;1
2020;176;"Controladoria Geral da União";1149166257;1034224350;19709525;3346831;2017;216;3269;NA;"2020176";1;1
1997;421;"Ministério da Agricultura, Pecuária e Abastecimento";NA;NA;NA;NA;NA;NA;NA;11703;"1997421";1;1
1998;421;"Ministério da Agricultura, Pecuária e Abastecimento";NA;NA;NA;NA;NA;NA;NA;11151;"1998421";1;1
1999;421;"Ministério da Agricultura, Pecuária e Abastecimento";NA;NA;NA;NA;5830;11109;47643;10771;"1999421";1;1
2000;421;"Ministério da Agricultura, Pecuária e Abastecimento";4731585950;3498998548;281832803;40253730;5724;10974;47274;10696;"2000421";1;1
2001;421;"Ministério da Agricultura, Pecuária e Abastecimento";6276027766;3426813052;379486903;64673468;6263;10880;47478;11164;"2001421";1;1
2002;421;"Ministério da Agricultura, Pecuária e Abastecimento";5486246009;3717093229;299769698;55430148;6827;10387;47288;11415;"2002421";1;1
2003;421;"Ministério da Agricultura, Pecuária e Abastecimento";5948894225;4123318755;195748295;16076567;6411;9959;46440;10973;"2003421";1;1
2004;421;"Ministério da Agricultura, Pecuária e Abastecimento";7049187846;3085177051;201993657;47231993;7038;9956;46904;11373;"2004421";1;1
2005;421;"Ministério da Agricultura, Pecuária e Abastecimento";5582580465;3878427210;370532107;57919089;7370;10079;47087;11742;"2005421";1;1
2006;421;"Ministério da Agricultura, Pecuária e Abastecimento";6065988895;4082531281;454106532;53484623;8021;9961;47298;11409;"2006421";1;1
2007;421;"Ministério da Agricultura, Pecuária e Abastecimento";6717882091;4094502490;622126494;73405408;8413;9737;47155;11551;"2007421";1;1
2008;421;"Ministério da Agricultura, Pecuária e Abastecimento";7496345576;4469247432;853835132;93863354;8785;9567;47100;11588;"2008421";1;1
2009;421;"Ministério da Agricultura, Pecuária e Abastecimento";9728452727;7474908729;1122352052;123468750;8995;9774;46948;12119;"2009421";1;1
2010;421;"Ministério da Agricultura, Pecuária e Abastecimento";9693984451;6508908905;1508666639;95205903;8671;9440;46356;11696;"2010421";1;1
2011;421;"Ministério da Agricultura, Pecuária e Abastecimento";10106845138;6695877476;1197393293;94097919;8526;9077;45819;11357;"2011421";1;1
2012;421;"Ministério da Agricultura, Pecuária e Abastecimento";11342500657;6707478227;1906649282;67245945;8598;8761;45421;11314;"2012421";1;1
2013;421;"Ministério da Agricultura, Pecuária e Abastecimento";11639957791;7244009634;1571279804;39296731;8436;8417;45008;10668;"2013421";1;1
2014;421;"Ministério da Agricultura, Pecuária e Abastecimento";11470023474;7652170803;1394648698;114615590;8610;8255;44931;11082;"2014421";1;1
2015;421;"Ministério da Agricultura, Pecuária e Abastecimento";12489910095;7970717552;1530230382;22968801;8412;7829;44191;10774;"2015421";1;1
2016;421;"Ministério da Agricultura, Pecuária e Abastecimento";12813238300;8845330281;876561969;115090076;8286;7572;43474;10620;"2016421";1;1
2017;421;"Ministério da Agricultura, Pecuária e Abastecimento";12416655581;9534358802;1080309183;52473376;7727;7117;42453;NA;"2017421";1;1
2018;421;"Ministério da Agricultura, Pecuária e Abastecimento";12172996402;8827544279;1218035443;106022543;7914;6564;42158;NA;"2018421";1;1
2019;421;"Ministério da Agricultura, Pecuária e Abastecimento";17837634971;12904693589;1752931340;35199184;7801;5105;42053;NA;"2019421";1;1
2020;421;"Ministério da Agricultura, Pecuária e Abastecimento";17292155290;12494196554;1745421797;40029557;7589;4561;41253;NA;"2020421";1;1
1997;422;"Ministério da Ciência e Tecnologia";NA;NA;NA;NA;NA;NA;NA;4571;"1997422";1;1
1998;422;"Ministério da Ciência e Tecnologia";NA;NA;NA;NA;NA;NA;NA;4355;"1998422";1;1
1999;422;"Ministério da Ciência e Tecnologia";NA;NA;NA;NA;1602;2285;7727;6875;"1999422";1;1
2000;422;"Ministério da Ciência e Tecnologia";1972380592;1509021404;341202787;130041942;1554;2165;5956;6893;"2000422";1;1
2001;422;"Ministério da Ciência e Tecnologia";2577331118;1885725035;525787480;175750455;3250;615;6098;6750;"2001422";1;1
2002;422;"Ministério da Ciência e Tecnologia";2835306953;1921084468;373207428;56180153;3430;639;6365;7051;"2002422";1;1
2003;422;"Ministério da Ciência e Tecnologia";3452912670;2282857147;240426180;87388640;3164;816;6316;6972;"2003422";1;1
2004;422;"Ministério da Ciência e Tecnologia";3948294428;2621053730;266063109;169637927;3091;797;6300;7152;"2004422";1;1
2005;422;"Ministério da Ciência e Tecnologia";5120710200;2996453695;702457282;240252330;3305;1025;6762;7243;"2005422";1;1
2006;422;"Ministério da Ciência e Tecnologia";5179659053;3129951031;1058175657;466096793;3217;1024;6687;7111;"2006422";1;1
2007;422;"Ministério da Ciência e Tecnologia";5447498470;3362895825;1049285619;436393454;3320;934;6689;6959;"2007422";1;1
2008;422;"Ministério da Ciência e Tecnologia";6407399232;4025762578;1175965749;449316535;3244;902;6574;6806;"2008422";1;1
2009;422;"Ministério da Ciência e Tecnologia";6599147980;4529584810;1235347517;468930757;3250;957;6698;6931;"2009422";1;1
2010;422;"Ministério da Ciência e Tecnologia";7878187273;5309612078;1682883483;533385411;3294;950;6825;7192;"2010422";1;1
2011;422;"Ministério da Ciência e Tecnologia";7348653791;4578672358;1205872728;345112277;3252;899;6899;7043;"2011422";1;1
2012;422;"Ministério da Ciência e Tecnologia";9610419387;5313924147;2320596529;357943717;3163;871;6897;6889;"2012422";1;1
2013;422;"Ministério da Ciência e Tecnologia";10592709774;6332157415;1649042334;328792711;3090;847;6855;7258;"2013422";1;1
2014;422;"Ministério da Ciência e Tecnologia";10215851696;6630474529;1321750072;326320821;2778;1026;6788;6887;"2014422";1;1
2015;422;"Ministério da Ciência e Tecnologia";10084697771;5819261618;969523151;120919501;2772;1059;6900;6652;"2015422";1;1
2016;422;"Ministério da Ciência e Tecnologia";9271969654;5995707643;676962735;266868272;2682;1034;6906;8654;"2016422";1;1
2017;422;"Ministério da Ciência e Tecnologia";14954716524;8092391439;850473116;380362954;2555;965;6874;NA;"2017422";1;1
2018;422;"Ministério da Ciência e Tecnologia";12345225985;8227748385;573706447;287475256;2512;923;6870;NA;"2018422";1;1
2019;422;"Ministério da Ciência e Tecnologia";13909133639;7661043463;459628457;236711182;2408;848;6820;NA;"2019422";1;1
2020;422;"Ministério da Ciência e Tecnologia";13604870061;6984365336;503984115;254150011;2370;815;6771;NA;"2020422";1;1
1997;423;"Ministério da Cultura";NA;NA;NA;NA;NA;NA;NA;2844;"1997423";1;1
1998;423;"Ministério da Cultura";NA;NA;NA;NA;NA;NA;NA;2695;"1998423";1;1
1999;423;"Ministério da Cultura";NA;NA;NA;NA;158;219;727;2585;"1999423";1;1
2000;423;"Ministério da Cultura";325449005;225411232;65698096;26804478;145;214;715;2539;"2000423";1;1
2001;423;"Ministério da Cultura";365588537;238860722;68421060;20243158;150;208;715;2508;"2001423";1;1
2002;423;"Ministério da Cultura";415231962;245792772;100678078;12314840;151;187;697;2477;"2002423";1;1
2003;423;"Ministério da Cultura";397424726;227507371;81905305;5829673;158;219;733;2391;"2003423";1;0
2004;423;"Ministério da Cultura";523658926;308432352;97761116;12665068;252;254;863;2589;"2004423";1;0
2005;423;"Ministério da Cultura";670823593;403276986;129199915;37777160;258;254;873;2591;"2005423";1;0
2006;423;"Ministério da Cultura";787585683;474095701;147996602;28874049;281;250;892;2960;"2006423";1;0
2007;423;"Ministério da Cultura";1077744578;497484984;271167573;27379005;292;255;902;2976;"2007423";1;0
2008;423;"Ministério da Cultura";1334519461;631120034;263106067;23449591;299;243;895;2946;"2008423";1;0
2009;423;"Ministério da Cultura";1389828988;795719115;206370091;21735531;366;302;1018;3157;"2009423";1;1
2010;423;"Ministério da Cultura";2292155141;920332559;436228889;49887586;473;379;1206;3774;"2010423";1;1
2011;423;"Ministério da Cultura";2168483220;759486890;516823037;20926487;479;376;1219;3724;"2011423";1;1
2012;423;"Ministério da Cultura";3025690190;988126694;898416372;85102047;492;355;1216;3612;"2012423";1;1
2013;423;"Ministério da Cultura";3387770611;1009012354;1078491053;108049706;634;353;1367;3775;"2013423";1;1
2014;423;"Ministério da Cultura";3327434400;1054817413;510507202;30968628;654;373;1403;3851;"2014423";1;1
2015;423;"Ministério da Cultura";3364096163;1014871065;380554371;37790855;641;338;1372;3832;"2015423";1;1
2016;423;"Ministério da Cultura";2587463803;1114839004;204649996;68894971;537;263;1197;3536;"2016423";1;1
2017;423;"Ministério da Cultura";2647913077;1200838601;234113246;82911059;552;250;1208;NA;"2017423";1;1
2018;423;"Ministério da Cultura";2618581906;1167182603;217984471;100595011;524;231;1157;NA;"2018423";1;1
2019;423;"Ministério da Cultura";NA;NA;NA;NA;NA;NA;NA;NA;"2019423";0;1
2020;423;"Ministério da Cultura";NA;NA;NA;NA;NA;NA;NA;NA;"2020423";0;1
1997;424;"Ministério da Defesa";NA;NA;NA;NA;NA;NA;NA;35362;"1997424";0;NA
1998;424;"Ministério da Defesa";NA;NA;NA;NA;NA;NA;NA;33901;"1998424";0;NA
1999;424;"Ministério da Defesa";NA;NA;NA;NA;5862;26353;99624;32031;"1999424";1;1
2000;424;"Ministério da Defesa";21731141998;19642033993;1841407638;1230127230;5665;25526;98563;31004;"2000424";1;1
2001;424;"Ministério da Defesa";25485700435;23961184115;1930521338;1164584761;8802;21184;97247;29782;"2001424";1;1
2002;424;"Ministério da Defesa";29004079074;26930117850;2117374260;1042922260;9376;20373;96283;29608;"2002424";1;1
2003;424;"Ministério da Defesa";28824322889;25015916192;1469079037;474979765;9223;19677;95540;28710;"2003424";1;1
2004;424;"Ministério da Defesa";30817948169;27308310277;1641696396;851801221;9827;19288;95460;28899;"2004424";1;1
2005;424;"Ministério da Defesa";34994908939;30759497458;2004274677;909636686;10076;19174;95168;29002;"2005424";1;1
2006;424;"Ministério da Defesa";38406483176;34487207155;2304947417;1153997193;9782;18489;92929;28369;"2006424";1;1
2007;424;"Ministério da Defesa";41709137150;37765050922;3058961723;1397155304;9356;17538;91055;27518;"2007424";1;1
2008;424;"Ministério da Defesa";48044147513;40713280631;4114580754;2001958505;9260;16991;89750;27246;"2008424";1;1
2009;424;"Ministério da Defesa";55286016591;48007198108;7127069716;2930756623;9704;16935;88857;27702;"2009424";1;1
2010;424;"Ministério da Defesa";63371154424;55259374780;9939780964;5401018451;9591;16193;87715;27152;"2010424";1;1
2011;424;"Ministério da Defesa";64576589525;57224496113;7496740840;3805174710;9398;15132;86500;25783;"2011424";1;1
2012;424;"Ministério da Defesa";72438000180;59750154875;13928475730;5162740525;8998;14152;84975;22988;"2012424";1;1
2013;424;"Ministério da Defesa";74392376930;64095150332;9974969558;4248670467;8759;13156;83565;21735;"2013424";1;1
2014;424;"Ministério da Defesa";80961206895;70877260931;9764000107;4791982106;8111;13266;82256;21080;"2014424";1;1
2015;424;"Ministério da Defesa";87950435439;73843568577;11194605080;2468023908;8145;12528;80805;20384;"2015424";1;1
2016;424;"Ministério da Defesa";86435912282;79740762836;7313613463;4519726458;7600;12115;78339;19435;"2016424";1;1
2017;424;"Ministério da Defesa";94987261952;87625639492;8870095530;5884596238;7295;11349;75499;NA;"2017424";1;1
2018;424;"Ministério da Defesa";1,05e+13;91686035922;8539147252;6115234113;7203;10538;73978;NA;"2018424";1;1
2019;424;"Ministério da Defesa";1,15e+13;1,01e+13;8135320946;5544210205;6536;9207;71891;NA;"2019424";1;1
2020;424;"Ministério da Defesa";1,16e+13;1e+13;7726418312;5858564623;6352;8403;69636;NA;"2020424";1;1
1999;427;"Ministério da Fazenda";NA;NA;NA;NA;42083;61745;216275;26958;"1999427";1;1
2000;427;"Ministério da Fazenda";13204117394;5342128170;113118600;30548407;41848;59745;213675;25331;"2000427";1;1
2001;427;"Ministério da Fazenda";12587058960;5952385458;168375373;48680042;52525;48433;213437;26098;"2001427";1;1
2002;427;"Ministério da Fazenda";12999074827;6499379860;199563045;69350832;50993;50128;214032;26297;"2002427";1;1
2003;427;"Ministério da Fazenda";10802162870;7759187480;60350576;23667918;50083;49509;215467;25622;"2003427";1;1
2004;427;"Ministério da Fazenda";10365138747;8772868216;114472954;60379980;51243;48440;216044;26098;"2004427";1;1
2005;427;"Ministério da Fazenda";11022019224;9047969199;351633904;202782676;53031;47668;217069;26404;"2005427";1;1
2006;427;"Ministério da Fazenda";11862029149;10354998496;331179612;52125122;57268;47009;220292;28672;"2006427";1;1
2007;427;"Ministério da Fazenda";15122807004;12762516856;269470831;47893351;58123;45773;219917;33233;"2007427";1;1
2008;427;"Ministério da Fazenda";16883547780;13972215388;173801885;22638898;58777;45868;220623;33033;"2008427";1;1
2009;427;"Ministério da Fazenda";19073312961;15676749625;177041195;27870998;59702;44821;220700;34301;"2009427";1;1
2010;427;"Ministério da Fazenda";21126727842;17000687641;231653838;49620245;61067;42613;221176;35380;"2010427";1;1
2011;427;"Ministério da Fazenda";21928210889;18335541502;386827756;209443373;59748;41032;219387;34348;"2011427";1;1
2012;427;"Ministério da Fazenda";24439278934;18979186201;1113221946;209926858;57734;42461;219229;33292;"2012427";1;1
2013;427;"Ministério da Fazenda";25978299434;20264877229;1129815809;159190193;60688;40313;220815;33228;"2013427";1;1
2014;427;"Ministério da Fazenda";28568603844;20521317778;973047456;157995280;61104;39228;221045;33075;"2014427";1;1
2015;427;"Ministério da Fazenda";32543619556;22085795511;807073576;184851828;59795;37774;219119;32673;"2015427";1;1
2016;427;"Ministério da Fazenda";26522889223;21930624178;516181531;183313173;58760;36986;217532;31857;"2016427";1;1
2017;427;"Ministério da Fazenda";28247924127;25180485823;589529454;232501906;58886;37417;221657;NA;"2017427";1;1
2018;427;"Ministério da Fazenda";30854153933;25401011383;467059175;178511926;57343;36229;220662;NA;"2018427";1;1
2019;425;"Ministério da Economia";7,73e+13;7,22e+13;851607828;203683556;61491;35017;252557;NA;"2019425";1;1
2020;425;"Ministério da Economia";8,8e+13;7,87e+13;597109010;169327297;61838;34479;299333;NA;"2020425";1;1
1997;426;"Ministério da Educação";NA;NA;NA;NA;NA;NA;NA;174966;"1997426";1;1
1998;426;"Ministério da Educação";NA;NA;NA;NA;NA;NA;NA;168403;"1998426";1;1
1999;426;"Ministério da Educação";NA;NA;NA;NA;75279;79696;239553;165510;"1999426";1;1
2000;426;"Ministério da Educação";14359294228;11541552456;1107120168;312975460;77187;77835;240796;165595;"2000426";1;1
2001;426;"Ministério da Educação";16760032191;13234679547;1468831890;508581754;92980;60010;239999;163479;"2001426";1;1
2002;426;"Ministério da Educação";18261210134;15760729579;984810859;305935843;96591;58236;243943;165163;"2002426";1;1
2003;426;"Ministério da Educação";18902857426;16570771043;709871441;245636182;96766;58075;248540;164870;"2003426";1;1
2004;426;"Ministério da Educação";19521090512;17157878368;695394091;264227336;101518;60025;256312;171925;"2004426";1;1
2005;426;"Ministério da Educação";22329424928;18082501459;1110137410;292232186;103018;59635;259162;173181;"2005426";1;1
2006;426;"Ministério da Educação";24904363112;21673566266;1349736722;288036017;109133;59270;266144;179449;"2006426";1;1
2007;426;"Ministério da Educação";29474812754;24625885394;2920772513;640838680;111309;57864;268690;180895;"2007426";1;1
2008;426;"Ministério da Educação";34820102236;28984386427;3748817754;739783613;118517;56950;277436;188440;"2008426";1;1
2009;426;"Ministério da Educação";45283180939;36388742028;5701161494;1231275183;128267;55646;288086;199174;"2009426";1;1
2010;426;"Ministério da Educação";58060911146;47327358112;7271410535;2642570738;158221;59954;331740;215025;"2010426";1;1
2011;426;"Ministério da Educação";68388140257;53551493297;9353958285;2656516692;172944;58522;348749;227848;"2011426";1;1
2012;426;"Ministério da Educação";85179469661;62498898963;18046331566;5614315195;185272;57041;362972;238335;"2012426";1;1
2013;426;"Ministério da Educação";92362047862;69913265639;13770531295;2211023664;200277;53417;378218;247961;"2013426";1;1
2014;426;"Ministério da Educação";1,01e+13;79730860685;14497899431;2608328317;220707;51961;400052;270024;"2014426";1;1
2015;426;"Ministério da Educação";1,1e+13;86019861161;13163047445;1363970692;238501;42851;412507;278444;"2015426";1;1
2016;426;"Ministério da Educação";1,06e+13;90683711320;6348185576;1685099241;252488;38750;426344;288314;"2016426";1;1
2017;426;"Ministério da Educação";1,11e+13;96611127215;6116785878;1161387017;261824;35247;438250;NA;"2017426";1;1
2018;426;"Ministério da Educação";1,16e+13;98161637160;4322191693;1621864747;269125;31732;446070;NA;"2018426";1;1
2019;426;"Ministério da Educação";1,24e+13;1,01e+13;5881335448;836128009;272632;27411;451619;NA;"2019426";1;1
2020;426;"Ministério da Educação";1,19e+13;99444843487;4351657589;1121549216;269796;24823;446880;NA;"2020426";1;1
1997;427;"Ministério da Fazenda";NA;NA;NA;NA;NA;NA;NA;26207;"1997427";1;1
1998;427;"Ministério da Fazenda";NA;NA;NA;NA;NA;NA;NA;28080;"1998427";1;1
2019;753;"Ministério da Infraestrutura";21114197720;11952260695;7702299595;4773912572;4615;2888;NA;NA;"2019753";1;1
2020;753;"Ministério da Infraestrutura";22590072422;10559612835;8450015694;5133576388;4585;2787;NA;NA;"2020753";1;0
1997;428;"Ministério da Integração Nacional";NA;NA;NA;NA;NA;NA;NA;NA;"1997428";0;NA
1998;428;"Ministério da Integração Nacional";NA;NA;NA;NA;NA;NA;NA;NA;"1998428";0;NA
1999;428;"Ministério da Integração Nacional";NA;NA;NA;NA;1022;2028;15043;184;"1999428";1;NA
2003;428;"Ministério da Integração Nacional";7046859096;3961846350;1834117774;108619033;1000;1639;13978;2469;"2003428";1;0
2004;428;"Ministério da Integração Nacional";6045737995;4732141200;1266527281;3756370868;1288;1716;14297;2764;"2004428";1;0
2005;428;"Ministério da Integração Nacional";7882293369;5253682421;2477019460;410030099;1249;1669;14162;2674;"2005428";1;0
2006;428;"Ministério da Integração Nacional";7777893214;5460397252;1974230675;3232631128;1301;1658;14105;2667;"2006428";1;0
2007;428;"Ministério da Integração Nacional";10838557940;6216999628;4200408959;4469985587;1356;1668;14042;2719;"2007428";1;0
2008;428;"Ministério da Integração Nacional";13494942705;7878998889;5497814993;5930540349;1421;1646;14011;2759;"2008428";1;0
2009;428;"Ministério da Integração Nacional";14838806373;8628942889;5658201370;1331822946;1479;1614;13775;2793;"2009428";1;0
2010;428;"Ministério da Integração Nacional";9186117398;3911960277;7171064499;2289914286;1691;1657;13910;3060;"2010428";1;0
2011;428;"Ministério da Integração Nacional";7639556196;2375274866;5527806886;780030755;1675;1603;13721;2962;"2011428";1;0
2012;428;"Ministério da Integração Nacional";12494846403;3596446683;9261998068;1348124053;1614;1548;13376;2871;"2012428";1;0
2013;428;"Ministério da Integração Nacional";12305953802;4988364194;7368349347;1932090230;1712;1488;13321;2930;"2013428";1;1
2014;428;"Ministério da Integração Nacional";11225483616;4446702365;7506030069;1747999598;1776;1458;13197;2798;"2014428";1;1
2015;428;"Ministério da Integração Nacional";9038678914;3479024828;5911675354;1139206856;1726;1384;12988;2675;"2015428";1;1
2016;428;"Ministério da Integração Nacional";7803631742;3875131166;5121455551;1562317122;1683;1332;12667;2571;"2016428";1;1
1997;429;"Ministério da Justiça";NA;NA;NA;NA;NA;NA;NA;23261;"1997429";1;1
1998;429;"Ministério da Justiça";NA;NA;NA;NA;NA;NA;NA;22490;"1998429";1;1
1999;429;"Ministério da Justiça";NA;NA;NA;NA;7536;15912;39775;23113;"1999429";1;1
2000;429;"Ministério da Justiça";3420887639;2877614720;667364857;379156640;7184;14399;36194;21197;"2000429";1;1
2001;429;"Ministério da Justiça";3720323616;3082749026;845657777;603555319;7422;13695;36101;20685;"2001429";1;1
2002;429;"Ministério da Justiça";4210779964;3350117512;762527394;382525171;9493;11654;36635;20729;"2002429";1;1
2003;429;"Ministério da Justiça";4154953149;3390846339;624862829;211232625;10305;11383;38213;21244;"2003429";1;1
2004;429;"Ministério da Justiça";4515682402;3920064789;640752061;316032311;11620;12267;40627;23463;"2004429";1;1
2005;429;"Ministério da Justiça";5375463058;4217561932;664315962;301844736;13108;12740;42736;25502;"2005429";1;1
2006;429;"Ministério da Justiça";6176767668;5033043603;920105751;218834954;14949;12948;44930;27516;"2006429";1;1
2007;429;"Ministério da Justiça";7661012349;6308292340;1276281273;442030236;15921;12387;45731;27915;"2007429";1;1
2008;429;"Ministério da Justiça";9227604310;7309392076;1682559484;553693213;16759;11839;46242;28168;"2008429";1;1
2009;429;"Ministério da Justiça";9617391666;7943512514;928114230;199724200;17948;11595;47106;29130;"2009429";1;1
2010;429;"Ministério da Justiça";11053304431;8808372778;1304688007;216035269;19718;11484;48579;30969;"2010429";1;1
2011;429;"Ministério da Justiça";12271094760;8783199081;1570853586;176153129;20173;11261;49163;31183;"2011429";1;1
2012;429;"Ministério da Justiça";13433120652;8757418698;3248597067;356818036;20998;10777;49690;31497;"2012429";1;1
2013;429;"Ministério da Justiça";12849894089;9213095914;2400182290;384550802;22225;10089;50505;32063;"2013429";1;1
2014;429;"Ministério da Justiça";12756351338;9224181566;1871913311;122254675;23479;9861;52012;32897;"2014429";1;1
2015;429;"Ministério da Justiça";13484627648;9962542811;1715859306;62476408;23416;9199;51873;32156;"2015429";1;1
2016;429;"Ministério da Justiça";15750019143;11972693039;2600819143;1193081641;24351;8856;52717;32777;"2016429";1;1
2017;429;"Ministério da Justiça";17066014731;13093874951;2292861021;538756730;23767;8316;52482;NA;"2017429";1;1
2018;429;"Ministério da Justiça";16814108168;12356004694;1799567408;214831311;23692;7839;52513;NA;"2018429";1;1
2019;429;"Ministério da Justiça";18546428199;12999760782;2748115868;375246720;23802;7355;53145;NA;"2019429";1;1
2020;429;"Ministério da Justiça";19281885360;14591430391;2985675016;1086689626;25985;6452;54689;NA;"2020429";1;1
2000;750;"Ministério da Mulher, da Família e dos Direitos Humanos";NA;NA;NA;NA;NA;NA;NA;NA;"2000750";0;NA
2001;750;"Ministério da Mulher, da Família e dos Direitos Humanos";NA;NA;NA;NA;NA;NA;NA;NA;"2001750";0;NA
2002;750;"Ministério da Mulher, da Família e dos Direitos Humanos";NA;NA;NA;NA;NA;NA;NA;NA;"2002750";0;NA
2003;750;"Ministério da Mulher, da Família e dos Direitos Humanos";NA;NA;NA;NA;NA;NA;NA;NA;"2003750";0;NA
2004;750;"Ministério da Mulher, da Família e dos Direitos Humanos";NA;NA;NA;NA;NA;NA;NA;NA;"2004750";0;NA
2005;750;"Ministério da Mulher, da Família e dos Direitos Humanos";NA;NA;NA;NA;NA;NA;NA;NA;"2005750";0;NA
2006;750;"Ministério da Mulher, da Família e dos Direitos Humanos";NA;NA;NA;NA;NA;NA;NA;NA;"2006750";0;NA
2007;750;"Ministério da Mulher, da Família e dos Direitos Humanos";NA;NA;NA;NA;NA;NA;NA;NA;"2007750";0;NA
2008;750;"Ministério da Mulher, da Família e dos Direitos Humanos";NA;NA;NA;NA;NA;NA;NA;NA;"2008750";0;NA
2009;750;"Ministério da Mulher, da Família e dos Direitos Humanos";NA;NA;NA;NA;NA;NA;NA;NA;"2009750";0;NA
2010;750;"Ministério da Mulher, da Família e dos Direitos Humanos";NA;NA;NA;NA;NA;NA;NA;NA;"2010750";0;NA
2011;750;"Ministério da Mulher, da Família e dos Direitos Humanos";NA;NA;NA;NA;NA;NA;NA;NA;"2011750";0;NA
2012;750;"Ministério da Mulher, da Família e dos Direitos Humanos";NA;NA;NA;NA;NA;NA;NA;NA;"2012750";0;NA
2013;750;"Ministério da Mulher, da Família e dos Direitos Humanos";NA;NA;NA;NA;NA;NA;NA;NA;"2013750";0;NA
2014;750;"Ministério da Mulher, da Família e dos Direitos Humanos";NA;NA;NA;NA;NA;NA;NA;NA;"2014750";0;NA
2015;750;"Ministério da Mulher, da Família e dos Direitos Humanos";NA;NA;NA;NA;NA;NA;NA;NA;"2015750";0;NA
2016;750;"Ministério da Mulher, da Família e dos Direitos Humanos";451452712;190833241;82375998;2672976;NA;NA;NA;NA;"2016750";1;NA
2017;750;"Ministério da Mulher, da Família e dos Direitos Humanos";NA;NA;NA;NA;177;56;233;NA;"2017750";1;1
2018;750;"Ministério da Mulher, da Família e dos Direitos Humanos";494208367;264092828;159099187;61921080;306;102;409;NA;"2018750";1;1
2019;750;"Ministério da Mulher, da Família e dos Direitos Humanos";610446878;213271855;173293093;34360894;378;81;460;NA;"2019750";1;1
2020;750;"Ministério da Mulher, da Família e dos Direitos Humanos";852839736;396766535;161534616;7122974;392;73;465;NA;"2020750";1;1
1997;430;"Ministério da Pesca e Aquicultura";NA;NA;NA;NA;NA;NA;NA;NA;"1997430";0;NA
1998;430;"Ministério da Pesca e Aquicultura";NA;NA;NA;NA;NA;NA;NA;NA;"1998430";0;NA
1999;430;"Ministério da Pesca e Aquicultura";NA;NA;NA;NA;NA;NA;NA;NA;"1999430";0;NA
2000;430;"Ministério da Pesca e Aquicultura";NA;NA;NA;NA;NA;NA;NA;NA;"2000430";0;NA
2001;430;"Ministério da Pesca e Aquicultura";NA;NA;NA;NA;NA;NA;NA;NA;"2001430";0;NA
2002;430;"Ministério da Pesca e Aquicultura";NA;NA;NA;NA;NA;NA;NA;NA;"2002430";0;NA
2003;430;"Ministério da Pesca e Aquicultura";NA;NA;NA;NA;NA;NA;NA;NA;"2003430";0;NA
2004;430;"Ministério da Pesca e Aquicultura";NA;NA;NA;NA;NA;NA;NA;NA;"2004430";0;NA
2005;430;"Ministério da Pesca e Aquicultura";NA;NA;NA;NA;NA;NA;NA;NA;"2005430";0;NA
2006;430;"Ministério da Pesca e Aquicultura";NA;NA;NA;NA;NA;NA;NA;NA;"2006430";0;NA
2007;430;"Ministério da Pesca e Aquicultura";NA;NA;NA;NA;NA;NA;NA;NA;"2007430";0;NA
2008;430;"Ministério da Pesca e Aquicultura";NA;NA;NA;NA;NA;NA;NA;NA;"2008430";0;NA
2009;430;"Ministério da Pesca e Aquicultura";36159028;0;36158028;0;NA;NA;NA;NA;"2009430";1;1
2010;430;"Ministério da Pesca e Aquicultura";773885765;171109400;421342081;53376213;372;224;596;605;"2010430";1;1
2011;430;"Ministério da Pesca e Aquicultura";559749826;108093267;281669505;4301154;357;229;586;593;"2011430";1;1
2012;430;"Ministério da Pesca e Aquicultura";344216968;108172287;137686019;9450821;366;227;593;594;"2012430";1;1
2013;430;"Ministério da Pesca e Aquicultura";637355327;124455772;348563473;10047540;362;206;568;572;"2013430";1;1
2014;430;"Ministério da Pesca e Aquicultura";431885901;124926390;191669164;4268501;345;191;536;531;"2014430";1;1
2015;430;"Ministério da Pesca e Aquicultura";774623177;104017982;439111063;651129;254;122;376;371;"2015430";1;1
2016;430;"Ministério da Pesca e Aquicultura";NA;NA;NA;NA;NA;NA;NA;NA;"2016430";0;1
2017;430;"Ministério da Pesca e Aquicultura";NA;NA;NA;NA;NA;NA;NA;NA;"2017430";0;1
2018;430;"Ministério da Pesca e Aquicultura";NA;NA;NA;NA;NA;NA;NA;NA;"2018430";0;1
2019;430;"Ministério da Pesca e Aquicultura";NA;NA;NA;NA;NA;NA;NA;NA;"2019430";0;1
2020;430;"Ministério da Pesca e Aquicultura";NA;NA;NA;NA;NA;NA;NA;NA;"2020430";0;1
1997;431;"Ministério da Previdência Social";NA;NA;NA;NA;NA;NA;NA;45718;"1997431";1;1
1998;431;"Ministério da Previdência Social";NA;NA;NA;NA;NA;NA;NA;43789;"1998431";1;1
1999;431;"Ministério da Previdência Social";NA;NA;NA;NA;534;809;4198;41566;"1999431";1;1
2000;431;"Ministério da Previdência Social";75552882847;74270255428;93046373;39712198;434;673;3945;40664;"2000431";1;1
2001;431;"Ministério da Previdência Social";86777469658;85754729000;175750318;23655361;481;626;3938;40121;"2001431";1;1
2002;431;"Ministério da Previdência Social";1e+13;98867996096;157917037;13869137;503;565;3880;39523;"2002431";1;1
2003;431;"Ministério da Previdência Social";1,16e+13;1,13e+13;57218489;4615762;493;551;3845;40254;"2003431";1;0
2004;431;"Ministério da Previdência Social";1,34e+13;1,32e+13;41050725;8087499;953;733;4463;40660;"2004431";1;0
2005;431;"Ministério da Previdência Social";1,55e+13;1,53e+13;100906731;5770782;1785;1063;5610;42202;"2005431";1;0
2006;431;"Ministério da Previdência Social";1,75e+13;1,74e+13;208164288;21901750;1845;1081;5674;43782;"2006431";1;0
2007;431;"Ministério da Previdência Social";1,93e+13;1,92e+13;131250000;12685811;797;616;4130;39771;"2007431";1;1
2008;431;"Ministério da Previdência Social";2,12e+13;1,94e+13;172228238;22559044;829;604;4116;39983;"2008431";1;1
2009;431;"Ministério da Previdência Social";2,41e+13;2,24e+13;781788118;22747000;820;592;4053;39006;"2009431";1;0
2010;431;"Ministério da Previdência Social";2,68e+13;2,54e+13;186468950;35263914;762;679;4037;39557;"2010431";1;1
2011;431;"Ministério da Previdência Social";2,96e+13;2,81e+13;157984976;15794769;811;668;4047;38239;"2011431";1;1
2012;431;"Ministério da Previdência Social";3,32e+13;3,16e+13;329972988;40663309;822;637;3998;38906;"2012431";1;1
2013;431;"Ministério da Previdência Social";3,72e+13;3,56e+13;217920119;19731634;741;598;3847;40285;"2013431";1;1
2014;431;"Ministério da Previdência Social";4,16e+13;3,92e+13;148575538;76750933;730;566;3751;39205;"2014431";1;1
2015;431;"Ministério da Previdência Social";4,55e+13;4,28e+13;43218871;12957771;757;533;3722;37924;"2015431";0;1
2016;431;"Ministério da Previdência Social";0;0;0;0;727;516;3633;36709;"2016431";0;1
2017;431;"Ministério da Previdência Social";NA;NA;NA;NA;NA;NA;1;NA;"2017431";0;1
2018;431;"Ministério da Previdência Social";NA;NA;NA;NA;NA;NA;NA;NA;"2018431";0;1
2019;431;"Ministério da Previdência Social";NA;NA;NA;NA;NA;NA;NA;NA;"2019431";0;1
2020;431;"Ministério da Previdência Social";NA;NA;NA;NA;NA;NA;NA;NA;"2020431";0;1
1997;432;"Ministério da Saúde";NA;NA;NA;NA;NA;NA;NA;123159;"1997432";1;0
1998;432;"Ministério da Saúde";NA;NA;NA;NA;NA;NA;NA;116862;"1998432";1;1
1999;432;"Ministério da Saúde";NA;NA;NA;NA;39640;72534;226246;110804;"1999432";1;1
2000;432;"Ministério da Saúde";23544545044;20840655477;1686298951;202780679;38767;71394;225771;102480;"2000432";1;1
2001;432;"Ministério da Saúde";27211001298;23235189033;2961380874;381356013;42658;65630;225027;104948;"2001432";1;1
2002;432;"Ministério da Saúde";29925612516;26027957018;2418924125;476853178;43228;62687;223820;103634;"2002432";1;1
2003;432;"Ministério da Saúde";31173255487;28219878370;1427164743;173163772;41529;65395;227502;105238;"2003432";1;1
2004;432;"Ministério da Saúde";38216590428;33652264131;2496791961;574587368;40852;63902;226350;103483;"2004432";1;1
2005;432;"Ministério da Saúde";42931340522;36845040043;2589449989;265718665;42786;64416;229260;106079;"2005432";1;1
2006;432;"Ministério da Saúde";46180558742;39949908860;3316729809;431530233;45402;64493;232306;109107;"2006432";1;1
2007;432;"Ministério da Saúde";52992319275;43839983401;4714740331;208289099;44533;62504;230819;106259;"2007432";1;1
2008;432;"Ministério da Saúde";56736426612;48421304530;3940089746;278106508;44221;62176;231684;105621;"2008432";1;1
2009;432;"Ministério da Saúde";64328379880;54319012576;4263054204;353684527;43964;62304;232576;105456;"2009432";1;1
2010;432;"Ministério da Saúde";69790948315;60924192394;4580980079;667007566;43687;59788;231991;102865;"2010432";1;1
2011;432;"Ministério da Saúde";80873978125;70101574690;5752205868;730674040;43259;57253;231033;99962;"2011432";1;1
2012;432;"Ministério da Saúde";95903835874;78272325636;12142587347;1310363864;43140;55188;230101;97798;"2012432";1;1
2013;432;"Ministério da Saúde";1,01e+13;83825836820;9382218737;1246894919;45193;52957;231226;97632;"2013432";1;1
2014;432;"Ministério da Saúde";1,08e+13;94107630692;9444750766;1481059029;48989;51674;234500;99751;"2014432";1;1
2015;432;"Ministério da Saúde";1,21e+13;1,02e+13;10286884924;1125731606;51751;49710;235341;100806;"2015432";1;1
2016;432;"Ministério da Saúde";1,21e+13;1,09e+13;6769116206;2023832202;54767;48173;237033;102314;"2016432";1;1
2017;432;"Ministério da Saúde";1,3e+13;1,12e+13;8216962892;922360567;57971;45796;239451;NA;"2017432";1;1
2018;432;"Ministério da Saúde";1,32e+13;1,17e+13;5416571103;1975694305;58374;43337;238784;NA;"2018432";1;1
2019;432;"Ministério da Saúde";1,38e+13;1,24e+13;4506624961;1179557218;62266;36770;242916;NA;"2019432";1;1
2020;432;"Ministério da Saúde";1,98e+13;1,6e+13;6160946348;3212149464;63639;33281;241385;NA;"2020432";1;1
2000;752;"Ministério da Segurança Pública";NA;NA;NA;NA;NA;NA;NA;NA;"2000752";0;NA
2001;752;"Ministério da Segurança Pública";NA;NA;NA;NA;NA;NA;NA;NA;"2001752";0;NA
2002;752;"Ministério da Segurança Pública";NA;NA;NA;NA;NA;NA;NA;NA;"2002752";0;NA
2003;752;"Ministério da Segurança Pública";NA;NA;NA;NA;NA;NA;NA;NA;"2003752";0;NA
2004;752;"Ministério da Segurança Pública";NA;NA;NA;NA;NA;NA;NA;NA;"2004752";0;NA
2005;752;"Ministério da Segurança Pública";NA;NA;NA;NA;NA;NA;NA;NA;"2005752";0;NA
2006;752;"Ministério da Segurança Pública";NA;NA;NA;NA;NA;NA;NA;NA;"2006752";0;NA
2007;752;"Ministério da Segurança Pública";NA;NA;NA;NA;NA;NA;NA;NA;"2007752";0;NA
2008;752;"Ministério da Segurança Pública";NA;NA;NA;NA;NA;NA;NA;NA;"2008752";0;NA
2009;752;"Ministério da Segurança Pública";NA;NA;NA;NA;NA;NA;NA;NA;"2009752";0;NA
2010;752;"Ministério da Segurança Pública";NA;NA;NA;NA;NA;NA;NA;NA;"2010752";0;NA
2011;752;"Ministério da Segurança Pública";NA;NA;NA;NA;NA;NA;NA;NA;"2011752";0;NA
2012;752;"Ministério da Segurança Pública";NA;NA;NA;NA;NA;NA;NA;NA;"2012752";0;NA
2013;752;"Ministério da Segurança Pública";NA;NA;NA;NA;NA;NA;NA;NA;"2013752";0;NA
2014;752;"Ministério da Segurança Pública";NA;NA;NA;NA;NA;NA;NA;NA;"2014752";0;NA
2015;752;"Ministério da Segurança Pública";NA;NA;NA;NA;NA;NA;NA;NA;"2015752";0;NA
2016;752;"Ministério da Segurança Pública";NA;NA;NA;NA;NA;NA;NA;NA;"2016752";0;NA
2017;752;"Ministério da Segurança Pública";NA;NA;NA;NA;NA;NA;NA;NA;"2017752";0;NA
2018;752;"Ministério da Segurança Pública";NA;NA;NA;NA;NA;NA;NA;NA;"2018752";1;NA
2019;752;"Ministério da Segurança Pública";NA;NA;NA;NA;NA;NA;NA;NA;"2019752";0;NA
2020;752;"Ministério da Segurança Pública";NA;NA;NA;NA;NA;NA;NA;NA;"2020752";0;NA
2000;428;"Ministério da Integração Nacional";5198575153;4015414327;1617168656;723910874;998;2006;14984;3905;"2000428";1;1
2001;428;"Ministério da Integração Nacional";6956364492;4228380754;2254631909;579713142;946;1712;14097;2480;"2001428";1;1
2002;428;"Ministério da Integração Nacional";7346670873;4381158689;2145081369;465302806;1042;1677;14094;2537;"2002428";1;1
2003;433;"Ministério das Cidades";3202935590;1036238525;1930777706;1618170933;142;65;207;207;"2003433";1;1
2004;433;"Ministério das Cidades";2970074595;1399373599;1496374193;4347519173;186;94;280;280;"2004433";1;1
2005;433;"Ministério das Cidades";4497383091;1127891938;2725448065;1548308756;199;121;320;320;"2005433";1;1
2006;433;"Ministério das Cidades";5103413785;1252860334;3324207681;2022837465;302;132;434;430;"2006433";1;1
2007;433;"Ministério das Cidades";9101566191;1690340700;6797047086;1541795137;288;136;424;418;"2007433";1;1
2008;433;"Ministério das Cidades";8728338285;1912206039;7403817721;1084430659;347;124;471;460;"2008433";1;1
2009;433;"Ministério das Cidades";15314807771;4357269972;8682383290;1913670899;496;139;636;604;"2009433";1;1
2010;433;"Ministério das Cidades";16200331984;2527020932;8013808801;1509713595;442;128;572;565;"2010433";1;1
2011;433;"Ministério das Cidades";22252255913;2369272777;7637883953;7491002463;424;118;543;542;"2011433";1;1
2012;433;"Ministério das Cidades";28548587382;4600112850;11742209781;1151816390;309;103;413;519;"2012433";1;1
2013;433;"Ministério das Cidades";26771145488;8315935665;9895761730;6390803817;292;96;389;496;"2013433";1;1
2014;433;"Ministério das Cidades";27178004786;13117350258;8256158955;8371886358;344;135;480;437;"2014433";1;1
2015;433;"Ministério das Cidades";37258179368;17038693721;10194843072;3328284054;344;131;475;432;"2015433";1;1
2016;433;"Ministério das Cidades";13123253217;8868522766;3579497479;6847499043;315;122;439;392;"2016433";1;1
2017;433;"Ministério das Cidades";11224846110;6234180944;4770559112;1269041971;301;108;411;NA;"2017433";1;1
2018;433;"Ministério das Cidades";11235923147;6839792045;3814962805;7979932544;305;99;407;NA;"2018433";1;1
2019;428;"Ministério da Integração Nacional";18958684391;10691594811;9408593370;2139219093;1707;1018;12241;NA;"2019428";1;1
2020;428;"Ministério da Integração Nacional";19501005933;9107596969;11886431604;2752398682;1736;950;12012;NA;"2020428";1;1
1997;434;"Ministério das Comunicações";NA;NA;NA;NA;NA;NA;NA;1313;"1997434";1;0
1998;434;"Ministério das Comunicações";NA;NA;NA;NA;NA;NA;NA;1322;"1998434";1;0
1999;434;"Ministério das Comunicações";NA;NA;NA;NA;355;739;41375;1657;"1999434";1;0
2000;434;"Ministério das Comunicações";870019447;643166115;82832731;7352169;256;469;40416;1525;"2000434";1;0
2001;434;"Ministério das Comunicações";2331369733;764813228;1008090784;18072661;259;410;39771;1644;"2001434";1;0
2002;434;"Ministério das Comunicações";2843773141;918412671;823304266;31431723;246;325;38671;1761;"2002434";1;0
2003;434;"Ministério das Comunicações";2038887405;958070891;55156044;10274925;223;305;37938;1685;"2003434";1;0
2004;434;"Ministério das Comunicações";2203222250;972796577;62900855;13451725;227;299;37152;1604;"2004434";1;0
2005;434;"Ministério das Comunicações";3661098976;1013807642;150681968;12477180;239;289;36077;2000;"2005434";1;0
2006;434;"Ministério das Comunicações";4039328645;1052371635;120311424;9212454;301;317;35122;2009;"2006434";1;0
2007;434;"Ministério das Comunicações";4900245467;1149094411;175565323;9775204;297;310;34156;2048;"2007434";1;0
2008;434;"Ministério das Comunicações";5007170343;1149047166;38384381;1021983;299;311;33249;1971;"2008434";1;0
2009;434;"Ministério das Comunicações";6546283358;1275710269;114151836;2000338;356;304;31898;2156;"2009434";1;0
2010;434;"Ministério das Comunicações";3404772540;1412985938;92359270;5267787;470;329;31093;2348;"2010434";1;0
2011;434;"Ministério das Comunicações";4532969945;1580117262;122521956;18173086;497;497;30358;2383;"2011434";1;0
2012;434;"Ministério das Comunicações";5659737846;1485940033;185972583;4401341;473;515;29068;2271;"2012434";1;0
2013;434;"Ministério das Comunicações";5338799923;1630145807;156269148;8332746;525;516;28368;2299;"2013434";1;0
2014;434;"Ministério das Comunicações";13099967863;1898721950;129127111;4295259;512;505;27561;2404;"2014434";1;0
2015;434;"Ministério das Comunicações";11203057174;1942289092;81113931;1705344;503;485;26803;2440;"2015434";1;0
2016;434;"Ministério das Comunicações";6642511995;2329753568;40824850;4860644;NA;NA;5;NA;"2016434";0;1
2017;434;"Ministério das Comunicações";NA;NA;NA;NA;NA;NA;1;NA;"2017434";0;1
2018;434;"Ministério das Comunicações";NA;NA;NA;NA;NA;NA;NA;NA;"2018434";0;1
2019;434;"Ministério das Comunicações";NA;NA;NA;NA;NA;NA;NA;NA;"2019434";0;1
2020;434;"Ministério das Comunicações";NA;NA;NA;NA;NA;NA;NA;NA;"2020434";0;1
1997;435;"Ministério das Relações Exteriores";NA;NA;NA;NA;NA;NA;NA;3099;"1997435";1;1
1998;435;"Ministério das Relações Exteriores";NA;NA;NA;NA;NA;NA;NA;3140;"1998435";1;1
1999;435;"Ministério das Relações Exteriores";NA;NA;NA;NA;1991;1203;5229;3051;"1999435";1;1
2000;435;"Ministério das Relações Exteriores";814814123;830179797;16759729;10825246;1968;1162;5204;2993;"2000435";1;1
2001;435;"Ministério das Relações Exteriores";1007040716;1003157126;17264894;10309121;2044;1034;5198;2943;"2001435";1;1
2002;435;"Ministério das Relações Exteriores";1278837222;1426925908;12605000;15632209;2082;1049;5264;2998;"2002435";1;1
2003;435;"Ministério das Relações Exteriores";1333866967;1252837526;12776090;8734581;2038;1010;5249;2917;"2003435";1;1
2004;435;"Ministério das Relações Exteriores";1853305765;1370666711;39665186;27616551;2114;982;5300;2962;"2004435";1;1
2005;435;"Ministério das Relações Exteriores";1842500688;1525761381;68151689;62921888;2303;1014;5552;3173;"2005435";1;1
2006;435;"Ministério das Relações Exteriores";1642401788;1501281648;39506376;21944256;2349;994;5591;3214;"2006435";1;1
2007;435;"Ministério das Relações Exteriores";1966881218;1620953822;27159236;21832925;2479;965;5716;3335;"2007435";1;1
2008;435;"Ministério das Relações Exteriores";1889502508;2049145090;38569180;40606430;2585;986;5869;3467;"2008435";1;1
2009;435;"Ministério das Relações Exteriores";2096962945;1735373197;54415987;41182360;2766;962;6032;3619;"2009435";1;1
2010;435;"Ministério das Relações Exteriores";2454875566;2089697232;8,1e+11;36474174;2856;940;6106;3727;"2010435";1;1
2011;435;"Ministério das Relações Exteriores";2520589665;2155615828;60315000;28705204;2842;902;6085;3670;"2011435";1;1
2012;435;"Ministério das Relações Exteriores";2649969128;2484578709;102461500;43604419;2831;869;6073;3619;"2012435";1;1
2013;435;"Ministério das Relações Exteriores";2619444587;2494945961;33944500;16648753;2785;832;6018;3528;"2013435";1;1
2014;435;"Ministério das Relações Exteriores";2680771277;2669999494;32121266;26471477;2770;799;5924;3451;"2014435";1;1
2015;435;"Ministério das Relações Exteriores";3375592276;3397099674;69494042;18588495;2707;752;5856;3353;"2015435";1;1
2016;435;"Ministério das Relações Exteriores";3558524635;2974176983;52934401;20156945;2697;718;5834;3321;"2016435";1;1
2017;435;"Ministério das Relações Exteriores";3196688847;3110151196;47700711;23406368;2696;663;5817;NA;"2017435";1;1
2018;435;"Ministério das Relações Exteriores";3678850884;3481107440;76910125;45765601;2685;635;5778;NA;"2018435";1;1
2019;435;"Ministério das Relações Exteriores";3994449554;3586822883;67467000;39596758;2620;553;5742;NA;"2019435";1;1
2020;435;"Ministério das Relações Exteriores";4529619252;4173880035;24934124;12964497;2644;530;5716;NA;"2020435";1;1
1997;436;"Ministério de Minas e Energia";NA;NA;NA;NA;NA;NA;NA;2000;"1997436";1;0
1998;436;"Ministério de Minas e Energia";NA;NA;NA;NA;NA;NA;NA;2030;"1998436";1;0
1999;436;"Ministério de Minas e Energia";NA;NA;NA;NA;1092;1004;4039;1872;"1999436";1;0
2000;436;"Ministério de Minas e Energia";753366100;485156504;63386795;7818980;1120;1030;4101;1936;"2000436";1;0
2001;436;"Ministério de Minas e Energia";1284219250;733318953;141609773;10606837;1136;1000;4091;1902;"2001436";1;0
2002;436;"Ministério de Minas e Energia";3013377442;1692544345;237917965;12476761;1342;929;4214;2104;"2002436";1;0
2003;436;"Ministério de Minas e Energia";2907750529;1316499572;134712642;10457923;1258;928;4131;2022;"2003436";1;0
2004;436;"Ministério de Minas e Energia";3045794020;601780800;66374714;34837501;1255;930;4109;2028;"2004436";1;1
2005;436;"Ministério de Minas e Energia";4491759944;771721977;40411468;13133413;1502;1004;4414;2351;"2005436";1;1
2006;436;"Ministério de Minas e Energia";4353893635;683390152;34915278;14497245;1758;1066;4710;2678;"2006436";1;1
2007;436;"Ministério de Minas e Energia";5488880956;799620574;49986107;15323853;1733;1065;4661;2645;"2007436";1;1
2008;436;"Ministério de Minas e Energia";6291880844;1009428969;62547581;12116672;2029;1081;4966;2957;"2008436";1;1
2009;436;"Ministério de Minas e Energia";7327283033;1109764189;68885134;20661140;2154;1263;5246;3257;"2009436";1;1
2010;436;"Ministério de Minas e Energia";7377248706;1150165321;113840076;18160784;2391;1312;5527;3353;"2010436";1;1
2011;436;"Ministério de Minas e Energia";8162054183;1316554641;184523061;15345408;2536;1728;6083;3596;"2011436";1;1
2012;436;"Ministério de Minas e Energia";8205096332;1354471932;168652198;25378631;2449;1858;6120;3385;"2012436";1;1
2013;436;"Ministério de Minas e Energia";11078925356;1533538318;214968724;33988706;2548;1830;6197;3418;"2013436";1;1
2014;436;"Ministério de Minas e Energia";5010696034;1617630990;148296897;17412151;2575;1795;6204;4202;"2014436";1;1
2015;436;"Ministério de Minas e Energia";4532093237;2387437599;141187688;15330485;2565;1786;6213;4196;"2015436";1;1
2016;436;"Ministério de Minas e Energia";8321866339;5426842788;100611047;33209922;2496;1747;6129;4101;"2016436";1;1
2017;436;"Ministério de Minas e Energia";4001715662;2705513818;69935550;6887364;2489;1690;6099;NA;"2017436";1;1
2018;436;"Ministério de Minas e Energia";15461092392;7517143198;101741924;18571172;2418;1641;5964;NA;"2018436";1;1
2019;436;"Ministério de Minas e Energia";43623193759;38232590440;179358994;34086238;2425;1525;5934;NA;"2019436";1;1
2020;436;"Ministério de Minas e Energia";7978833355;4819454138;121624950;37204409;2403;1461;5860;NA;"2020436";1;1
1997;437;"Ministério do Desenvolvimento Agrário";NA;NA;NA;NA;NA;NA;NA;6267;"1997437";0;NA
1998;437;"Ministério do Desenvolvimento Agrário";NA;NA;NA;NA;NA;NA;NA;6004;"1998437";0;NA
1999;437;"Ministério do Desenvolvimento Agrário";NA;NA;NA;NA;NA;NA;NA;5798;"1999437";0;NA
2000;437;"Ministério do Desenvolvimento Agrário";1848231746;1029138002;274640901;77119519;70;56;126;5713;"2000437";0;1
2001;437;"Ministério do Desenvolvimento Agrário";2002849043;1219580909;382192200;47396295;95;65;160;5703;"2001437";1;1
2002;437;"Ministério do Desenvolvimento Agrário";2227903495;1434005467;392940946;66334532;91;67;158;5663;"2002437";1;1
2003;437;"Ministério do Desenvolvimento Agrário";2305761190;1358452786;256995710;40435644;73;88;161;5243;"2003437";1;1
2004;437;"Ministério do Desenvolvimento Agrário";2530290966;1877146775;384938379;117139459;126;122;248;5567;"2004437";1;1
2005;437;"Ministério do Desenvolvimento Agrário";3308360050;2568927328;464731747;206227422;144;142;286;5670;"2005437";1;1
2006;437;"Ministério do Desenvolvimento Agrário";3740880866;2782915072;638743899;244499174;150;154;304;6538;"2006437";1;1
2007;437;"Ministério do Desenvolvimento Agrário";4122113346;2943106587;768333722;246413018;154;153;307;6576;"2007437";1;1
2008;437;"Ministério do Desenvolvimento Agrário";4725002030;2289154879;786350942;118509712;168;138;306;6709;"2008437";1;1
2009;437;"Ministério do Desenvolvimento Agrário";4619805477;2493379271;906942273;102678352;303;162;465;6706;"2009437";1;1
2010;437;"Ministério do Desenvolvimento Agrário";5108776117;2631327230;1003952768;102081441;314;174;488;6539;"2010437";1;1
2011;437;"Ministério do Desenvolvimento Agrário";4811194438;2496148151;1070673307;81569526;298;155;453;6295;"2011437";1;1
2012;437;"Ministério do Desenvolvimento Agrário";6988642631;2426774778;2439056936;65526631;313;158;471;6089;"2012437";1;1
2013;437;"Ministério do Desenvolvimento Agrário";9655532511;3443023293;4437302953;436954313;361;162;523;6222;"2013437";1;1
2014;437;"Ministério do Desenvolvimento Agrário";5622126874;3051469168;782867867;54475761;442;182;624;5946;"2014437";1;1
2015;437;"Ministério do Desenvolvimento Agrário";6118401247;2967991783;1091378072;14967701;467;157;624;5641;"2015437";1;1
2016;437;"Ministério do Desenvolvimento Agrário";4096221902;3130297046;370546401;81911930;365;109;474;5266;"2016437";0;1
2017;437;"Ministério do Desenvolvimento Agrário";NA;NA;NA;NA;NA;NA;NA;NA;"2017437";0;1
2018;437;"Ministério do Desenvolvimento Agrário";NA;NA;NA;NA;NA;NA;NA;NA;"2018437";0;1
2019;437;"Ministério do Desenvolvimento Agrário";NA;NA;NA;NA;NA;NA;NA;NA;"2019437";0;1
2020;437;"Ministério do Desenvolvimento Agrário";NA;NA;NA;NA;NA;NA;NA;NA;"2020437";0;1
1997;438;"Ministério do Desenvolvimento Social e Combate à Fome";NA;NA;NA;NA;NA;NA;NA;NA;"1997438";0;NA
1998;438;"Ministério do Desenvolvimento Social e Combate à Fome";NA;NA;NA;NA;NA;NA;NA;NA;"1998438";0;NA
1999;438;"Ministério do Desenvolvimento Social e Combate à Fome";NA;NA;NA;NA;24;17;NA;NA;"1999438";0;NA
2000;438;"Ministério do Desenvolvimento Social e Combate à Fome";NA;NA;NA;NA;21;20;NA;NA;"2000438";0;NA
2001;438;"Ministério do Desenvolvimento Social e Combate à Fome";NA;NA;NA;NA;20;14;NA;NA;"2001438";0;NA
2002;438;"Ministério do Desenvolvimento Social e Combate à Fome";NA;NA;NA;NA;24;10;NA;NA;"2002438";0;NA
2003;438;"Ministério do Desenvolvimento Social e Combate à Fome";5743362676;5352895289;111591173;769403;159;117;236;NA;"2003438";0;1
2004;438;"Ministério do Desenvolvimento Social e Combate à Fome";14336507580;13597714547;184612603;87399371;255;170;383;383;"2004438";1;1
2005;438;"Ministério do Desenvolvimento Social e Combate à Fome";15997744394;15511819816;184526373;87350943;261;158;381;381;"2005438";1;1
2006;438;"Ministério do Desenvolvimento Social e Combate à Fome";22597154985;21286274568;203600940;89468106;375;189;522;522;"2006438";1;1
2007;438;"Ministério do Desenvolvimento Social e Combate à Fome";24864390988;24503304223;233460159;83403362;434;205;597;594;"2007438";1;1
2008;438;"Ministério do Desenvolvimento Social e Combate à Fome";29123434885;28451367463;196542219;77039770;466;211;637;632;"2008438";1;1
2009;438;"Ministério do Desenvolvimento Social e Combate à Fome";34330823091;32961325721;319573896;103142080;524;196;666;661;"2009438";1;1
2010;438;"Ministério do Desenvolvimento Social e Combate à Fome";39738117581;38984810525;365917945;163712399;625;223;788;869;"2010438";1;1
2011;438;"Ministério do Desenvolvimento Social e Combate à Fome";46311314202;45177098214;516782778;293878786;603;222;758;835;"2011438";1;1
2012;438;"Ministério do Desenvolvimento Social e Combate à Fome";58053341582;53855204289;1468229485;374972333;603;210;746;808;"2012438";1;1
2013;438;"Ministério do Desenvolvimento Social e Combate à Fome";65114037322;60300380622;1008141861;58001302;830;195;958;1006;"2013438";1;1
2014;438;"Ministério do Desenvolvimento Social e Combate à Fome";71291877788;67177797342;806726374;208661896;794;170;895;862;"2014438";1;1
2015;438;"Ministério do Desenvolvimento Social e Combate à Fome";75418639201;70065267417;422690964;22604510;782;162;871;834;"2015438";1;1
2016;438;"Ministério do Desenvolvimento Social e Combate à Fome";81090014180;78590768606;258974908;101352515;722;146;815;768;"2016438";1;1
2017;438;"Ministério do Desenvolvimento Social e Combate à Fome";6,63e+13;6,42e+13;300561973;25682818;1040;302;1296;NA;"2017438";1;1
2018;438;"Ministério do Desenvolvimento Social e Combate à Fome";6,96e+13;6,55e+13;477642533;158323010;1063;290;1316;NA;"2018438";1;1
2019;438;"Ministério do Desenvolvimento Social e Combate à Fome";1,02e+13;95369508509;1070427055;143396025;1256;391;2092;NA;"2019438";1;1
2020;438;"Ministério do Desenvolvimento Social e Combate à Fome";4,15e+13;3,79e+13;650378883;89741537;818;191;1046;NA;"2020438";1;1
1997;439;"Ministério do Desenvolvimento, Indústria e Comércio Exterior";NA;NA;NA;NA;NA;NA;NA;2411;"1997439";1;1
1998;439;"Ministério do Desenvolvimento, Indústria e Comércio Exterior";NA;NA;NA;NA;NA;NA;NA;2335;"1998439";1;1
1999;439;"Ministério do Desenvolvimento, Indústria e Comércio Exterior";NA;NA;NA;NA;399;361;925;2580;"1999439";1;1
2000;439;"Ministério do Desenvolvimento, Indústria e Comércio Exterior";1053050906;319946968;136880720;17432420;352;331;856;2260;"2000439";1;1
2001;439;"Ministério do Desenvolvimento, Indústria e Comércio Exterior";1246706448;621586369;195026726;32822166;430;314;916;2436;"2001439";1;1
2002;439;"Ministério do Desenvolvimento, Indústria e Comércio Exterior";1338906032;860664221;128065461;20948818;420;262;859;2401;"2002439";1;1
2003;439;"Ministério do Desenvolvimento, Indústria e Comércio Exterior";1382960806;821117696;106148859;37629719;451;253;893;2293;"2003439";1;1
2004;439;"Ministério do Desenvolvimento, Indústria e Comércio Exterior";1115667780;621395914;183576127;65435002;439;249;876;2338;"2004439";1;1
2005;439;"Ministério do Desenvolvimento, Indústria e Comércio Exterior";1034899948;659861698;156622796;33756980;443;242;873;2328;"2005439";1;1
2006;439;"Ministério do Desenvolvimento, Indústria e Comércio Exterior";1115960071;715664519;107334894;34712827;509;257;957;2641;"2006439";1;1
2007;439;"Ministério do Desenvolvimento, Indústria e Comércio Exterior";1403307533;1050886968;218757102;168281761;490;244;935;2677;"2007439";1;1
2008;439;"Ministério do Desenvolvimento, Indústria e Comércio Exterior";1407302149;865072532;196170723;25290533;439;218;857;2780;"2008439";1;1
2009;439;"Ministério do Desenvolvimento, Indústria e Comércio Exterior";1774756062;1031792580;245653041;18410831;466;205;877;2776;"2009439";1;1
2010;439;"Ministério do Desenvolvimento, Indústria e Comércio Exterior";1877270445;1153085920;300588571;25717671;585;288;1080;3112;"2010439";1;1
2011;439;"Ministério do Desenvolvimento, Indústria e Comércio Exterior";1942743064;1223741295;71888039;23198521;557;283;1050;3163;"2011439";1;1
2012;439;"Ministério do Desenvolvimento, Indústria e Comércio Exterior";3552213656;1476122794;265761544;53510466;523;253;1002;3159;"2012439";1;1
2013;439;"Ministério do Desenvolvimento, Indústria e Comércio Exterior";2851910391;1484954210;241943850;58294114;601;209;1039;3244;"2013439";1;1
2014;439;"Ministério do Desenvolvimento, Indústria e Comércio Exterior";2827574436;1650566872;174909022;35272446;695;201;1139;3410;"2014439";1;1
2015;439;"Ministério do Desenvolvimento, Indústria e Comércio Exterior";3352701600;1800639382;282283025;7254664;676;181;1107;3236;"2015439";1;1
2016;439;"Ministério do Desenvolvimento, Indústria e Comércio Exterior";3080638022;1715761515;249726809;7489654;654;159;1068;3190;"2016439";1;1
2017;439;"Ministério do Desenvolvimento, Indústria e Comércio Exterior";2715816968;1779400105;73625277;15900523;842;215;1329;NA;"2017439";1;1
2018;439;"Ministério do Desenvolvimento, Indústria e Comércio Exterior";2786751355;2175360088;42285800;9118716;677;152;1116;NA;"2018439";1;1
2019;439;"Ministério do Desenvolvimento, Indústria e Comércio Exterior";NA;NA;NA;NA;NA;NA;NA;NA;"2019439";0;1
2020;439;"Ministério do Desenvolvimento, Indústria e Comércio Exterior";NA;NA;NA;NA;NA;NA;NA;NA;"2020439";0;1
1997;440;"Ministério do Esporte";NA;NA;NA;NA;NA;NA;NA;169;"1997440";0;NA
1998;440;"Ministério do Esporte";NA;NA;NA;NA;NA;NA;NA;159;"1998440";0;NA
1999;440;"Ministério do Esporte";NA;NA;NA;NA;88;116;213;185;"1999440";1;0
2000;440;"Ministério do Esporte";515449597;230217891;326281112;88189346;65;68;133;325;"2000440";1;1
2001;440;"Ministério do Esporte";833593457;225425787;559096669;56450263;93;136;239;402;"2001440";1;1
2002;440;"Ministério do Esporte";767557239;251581886;503611827;72431609;89;133;234;396;"2002440";1;1
2003;440;"Ministério do Esporte";380229032;65624292;252700940;20281048;91;128;235;209;"2003440";1;1
2004;440;"Ministério do Esporte";384098327;147956896;249620286;46962794;99;133;249;221;"2004440";1;1
2005;440;"Ministério do Esporte";685548543;110233453;463978719;11760052;100;129;247;219;"2005440";1;1
2006;440;"Ministério do Esporte";1019433029;266516355;572903496;92034042;100;125;243;215;"2006440";1;1
2007;440;"Ministério do Esporte";1576050262;754739742;707895494;173017277;125;118;262;233;"2007440";1;1
2008;440;"Ministério do Esporte";1407860822;204685444;892507913;10617856;130;117;267;236;"2008440";1;1
2009;440;"Ministério do Esporte";1467016588;147294194;1031339136;4311502;199;119;337;304;"2009440";1;1
2010;440;"Ministério do Esporte";2079264662;257918944;1284528739;9185223;206;125;354;340;"2010440";1;1
2011;440;"Ministério do Esporte";2815895925;314043064;1591011912;18390182;203;122;349;333;"2011440";1;1
2012;440;"Ministério do Esporte";3633223302;401961681;2165602531;15766292;268;121;418;389;"2012440";1;1
2013;440;"Ministério do Esporte";4173961187;413457944;2836998989;38263601;314;124;469;441;"2013440";1;1
2014;440;"Ministério do Esporte";3349128330;843573951;2290062356;418869468;342;141;516;459;"2014440";1;1
2015;440;"Ministério do Esporte";3473526867;663037557;2578877661;260245934;335;132;501;444;"2015440";1;1
2016;440;"Ministério do Esporte";1740685964;483241806;1023616523;205383427;285;101;428;367;"2016440";1;1
2017;440;"Ministério do Esporte";1577127013;320000675;908835102;112498365;183;75;304;NA;"2017440";1;1
2018;440;"Ministério do Esporte";1381518571;273389145;798545102;56739419;186;64;301;NA;"2018440";1;1
2019;440;"Ministério do Esporte";NA;NA;NA;NA;NA;NA;NA;NA;"2019440";0;1
2020;440;"Ministério do Esporte";NA;NA;NA;NA;NA;NA;NA;NA;"2020440";0;1
1997;442;"Ministério do Meio Ambiente";NA;NA;NA;NA;NA;NA;NA;8609;"1997442";1;1
1998;442;"Ministério do Meio Ambiente";NA;NA;NA;NA;NA;NA;NA;8322;"1998442";1;1
1999;442;"Ministério do Meio Ambiente";NA;NA;NA;NA;2155;3762;10416;8024;"1999442";1;0
2000;442;"Ministério do Meio Ambiente";893418000;575009695;200919070;83366815;2231;3608;10354;5644;"2000442";1;0
2001;442;"Ministério do Meio Ambiente";1248137268;793321523;264155268;110481659;2491;3967;10982;6409;"2001442";1;0
2002;442;"Ministério do Meio Ambiente";1661617646;798574845;530058917;55928205;3128;4024;11678;7115;"2002442";1;0
2003;442;"Ministério do Meio Ambiente";1503793146;791445235;258749636;17395264;3202;4112;11900;7242;"2003442";1;0
2004;442;"Ministério do Meio Ambiente";1774172534;971265513;120212143;21395313;3823;4099;12511;7894;"2004442";1;0
2005;442;"Ministério do Meio Ambiente";2244690389;1040612166;134254503;21903205;4307;3759;12610;8013;"2005442";1;0
2006;442;"Ministério do Meio Ambiente";2391458395;1205785912;122747390;37633998;4274;4193;12997;8469;"2006442";1;1
2007;442;"Ministério do Meio Ambiente";2799755678;1370670707;93423114;15986107;4501;4038;13067;8559;"2007442";1;1
2008;442;"Ministério do Meio Ambiente";3158687104;1426282601;158143602;14591289;4554;4972;14036;9511;"2008442";1;1
2009;442;"Ministério do Meio Ambiente";3523290327;1553352760;101423436;7011717;5088;4417;14009;9481;"2009442";1;1
2010;442;"Ministério do Meio Ambiente";3871481051;1818082901;94190949;15512377;5040;4661;14250;9973;"2010442";1;1
2011;442;"Ministério do Meio Ambiente";3703330787;2049169869;165186411;24169000;4883;4212;13785;9357;"2011442";1;1
2012;442;"Ministério do Meio Ambiente";3877384466;2023898810;262647759;12102800;4805;3771;13451;8865;"2012442";1;1
2013;442;"Ministério do Meio Ambiente";4695275887;2252969280;196461868;26149758;4930;3698;13717;8884;"2013442";1;1
2014;442;"Ministério do Meio Ambiente";3316215388;2410630337;201593570;23653869;4975;3835;14103;8914;"2014442";1;1
2015;442;"Ministério do Meio Ambiente";3331061237;2484340581;162166571;14166576;4803;3717;13993;8639;"2015442";1;1
2016;442;"Ministério do Meio Ambiente";3137805790;2619154559;108486248;4031045;4854;2705;13207;7709;"2016442";1;1
2017;442;"Ministério do Meio Ambiente";3926652505;3009084787;197389726;27944609;4816;2219;12977;NA;"2017442";1;1
2018;442;"Ministério do Meio Ambiente";3379813136;2564001689;102085005;28200928;4698;2403;13172;NA;"2018442";1;1
2019;442;"Ministério do Meio Ambiente";3626450439;2392841139;151358006;9890475;4258;2010;12723;NA;"2019442";1;1
2020;442;"Ministério do Meio Ambiente";2963154740;2163255380;72037340;2599567;4240;2936;13710;NA;"2020442";1;1
1997;444;"Ministério do Planejamento, Orçamento e Gestão";NA;NA;NA;NA;NA;NA;NA;16072;"1997444";1;0
1998;444;"Ministério do Planejamento, Orçamento e Gestão";NA;NA;NA;NA;NA;NA;NA;14088;"1998444";1;0
1999;444;"Ministério do Planejamento, Orçamento e Gestão";NA;NA;NA;NA;1983;1925;79;13164;"1999444";1;1
2000;444;"Ministério do Planejamento, Orçamento e Gestão";1655914296;1381872941;45789647;22107179;2593;2821;57;13868;"2000444";1;1
2001;444;"Ministério do Planejamento, Orçamento e Gestão";1508194331;1323412640;21186379;11718862;2718;2636;56;13783;"2001444";1;1
2002;444;"Ministério do Planejamento, Orçamento e Gestão";1720718879;1463444409;15470199;1903931;2754;2344;56;14079;"2002444";1;1
2003;444;"Ministério do Planejamento, Orçamento e Gestão";1770568831;1565103346;10892509;2323477;2761;2883;55;14259;"2003444";1;1
2004;444;"Ministério do Planejamento, Orçamento e Gestão";2316850948;1518679145;26623751;6300374;2624;2176;55;12932;"2004444";1;1
2005;444;"Ministério do Planejamento, Orçamento e Gestão";2199280761;1673580402;30826785;2453189;2601;2096;11825;14550;"2005444";1;1
2006;444;"Ministério do Planejamento, Orçamento e Gestão";2630416403;2153518142;177777378;16319680;2909;2051;12024;16235;"2006444";1;1
2007;444;"Ministério do Planejamento, Orçamento e Gestão";4682381607;3009740350;55300662;7503950;2999;2012;12051;16453;"2007444";1;1
2008;444;"Ministério do Planejamento, Orçamento e Gestão";4106095291;2623121584;53647066;3484045;3032;1972;12002;18076;"2008444";1;1
2009;444;"Ministério do Planejamento, Orçamento e Gestão";4723132378;3205811067;132995992;21734565;3322;1980;12255;15538;"2009444";1;1
2010;444;"Ministério do Planejamento, Orçamento e Gestão";5947054781;4640162840;120619370;65560886;4012;2041;13099;14002;"2010444";1;1
2011;444;"Ministério do Planejamento, Orçamento e Gestão";5037006047;3726350719;42470049;2734854;4197;1862;13077;13900;"2011444";1;1
2012;444;"Ministério do Planejamento, Orçamento e Gestão";6939190536;3944257702;1819083288;4292967;4733;1785;13526;14490;"2012444";1;1
2013;444;"Ministério do Planejamento, Orçamento e Gestão";7858043093;4656202950;252976510;45849851;4682;1677;13434;14369;"2013444";1;1
2014;444;"Ministério do Planejamento, Orçamento e Gestão";6319790482;4572349977;193652315;5298456;4667;1588;13370;16582;"2014444";1;1
2015;444;"Ministério do Planejamento, Orçamento e Gestão";5545657045;4795297373;48337410;6949448;4577;1793;13514;28056;"2015444";1;1
2016;444;"Ministério do Planejamento, Orçamento e Gestão";6210137332;5312055898;118366566;10786472;4782;1669;13601;28803;"2016444";1;1
2017;444;"Ministério do Planejamento, Orçamento e Gestão";7335093981;6052159378;135840879;58789158;4805;1556;13540;NA;"2017444";1;1
2018;444;"Ministério do Planejamento, Orçamento e Gestão";7736455726;5796060044;88416297;20685038;4741;1488;14720;NA;"2018444";1;1
2019;444;"Ministério do Planejamento, Orçamento e Gestão";0;253;NA;NA;NA;NA;NA;NA;"2019444";0;1
2020;444;"Ministério do Planejamento, Orçamento e Gestão";NA;NA;NA;NA;NA;NA;NA;NA;"2020444";0;1
1997;445;"Ministério do Trabalho e Emprego";NA;NA;NA;NA;NA;NA;NA;8126;"1997445";1;1
1998;445;"Ministério do Trabalho e Emprego";NA;NA;NA;NA;NA;NA;NA;7810;"1998445";1;1
1999;445;"Ministério do Trabalho e Emprego";NA;NA;NA;NA;4452;3242;19398;7863;"1999445";1;1
2000;445;"Ministério do Trabalho e Emprego";10425294687;9677040852;63600505;27296973;4378;3260;19338;7787;"2000445";1;1
2001;445;"Ministério do Trabalho e Emprego";11817490854;11410656277;109026126;47402816;4548;3002;19194;7699;"2001445";1;1
2002;445;"Ministério do Trabalho e Emprego";15410471635;14713713280;88380760;42492386;4670;2837;19048;7671;"2002445";1;1
2003;445;"Ministério do Trabalho e Emprego";21698290775;17076014075;31271876;13927036;4317;2753;18733;7221;"2003445";1;1
2004;445;"Ministério do Trabalho e Emprego";28464803113;19118394606;45209426;18265430;4435;2671;18762;7268;"2004445";1;1
2005;445;"Ministério do Trabalho e Emprego";31530616493;22890632655;34799277;18748088;4442;2596;18595;7195;"2005445";1;1
2006;445;"Ministério do Trabalho e Emprego";35028110031;27145549138;29947846;18991330;4373;2517;18307;7044;"2006445";1;1
2007;445;"Ministério do Trabalho e Emprego";36323164763;29695101004;50985893;29814737;4671;2435;18488;7270;"2007445";1;1
2008;445;"Ministério do Trabalho e Emprego";40876974466;34056365114;98032749;19103554;4637;2308;18249;7091;"2008445";1;1
2009;445;"Ministério do Trabalho e Emprego";46253005761;41470991646;67315196;9660980;5401;3291;19922;8837;"2009445";1;1
2010;445;"Ministério do Trabalho e Emprego";47649711625;46004302616;53687466;6560422;5516;3257;19982;8975;"2010445";1;1
2011;445;"Ministério do Trabalho e Emprego";55738243295;53308332356;92221614;11427921;5549;3170;19991;8924;"2011445";1;1
2012;445;"Ministério do Trabalho e Emprego";67690195669;57896420816;116716835;10740947;5403;3017;19675;8650;"2012445";1;1
2013;445;"Ministério do Trabalho e Emprego";70629978975;64786547212;97529095;5348359;5239;2882;19388;8333;"2013445";1;1
2014;445;"Ministério do Trabalho e Emprego";77070781638;70651940769;114044149;11302427;5260;2942;19407;8338;"2014445";1;1
2015;445;"Ministério do Trabalho e Emprego";86683256512;82031906077;146429031;9547003;5002;2810;19045;7971;"2015445";1;1
2016;445;"Ministério do Trabalho e Emprego";6,09e+13;5,89e+13;140982714;28438938;4925;2695;18778;7762;"2016445";1;1
2017;445;"Ministério do Trabalho e Emprego";86446117261;77888666875;94782384;27460249;4693;2584;18360;NA;"2017445";1;1
2018;445;"Ministério do Trabalho e Emprego";84001509692;78475811483;55202550;6526485;4521;2418;18006;NA;"2018445";1;1
2019;445;"Ministério do Trabalho e Emprego";NA;NA;NA;NA;NA;NA;NA;NA;"2019445";0;1
2020;445;"Ministério do Trabalho e Emprego";NA;NA;NA;NA;NA;NA;NA;NA;"2020445";0;1
1997;446;"Ministério do Turismo";NA;NA;NA;NA;NA;NA;NA;NA;"1997446";0;NA
1998;446;"Ministério do Turismo";NA;NA;NA;NA;NA;NA;NA;NA;"1998446";0;NA
1999;446;"Ministério do Turismo";NA;NA;NA;NA;1202;1323;3860;NA;"1999446";0;NA
2000;446;"Ministério do Turismo";NA;NA;NA;NA;1171;1322;3841;NA;"2000446";0;NA
2001;446;"Ministério do Turismo";NA;NA;NA;NA;1275;1207;3859;NA;"2001446";0;NA
2002;446;"Ministério do Turismo";NA;NA;NA;NA;1280;1153;3858;NA;"2002446";0;NA
2003;446;"Ministério do Turismo";377764313;87628267;216778500;6978410;1280;1127;3885;286;"2003446";1;1
2004;446;"Ministério do Turismo";508305851;252981788;252700498;87812215;1385;1129;4024;294;"2004446";1;1
2005;446;"Ministério do Turismo";1037087878;333079613;649807883;87964077;1385;1113;4020;271;"2005446";1;1
2006;446;"Ministério do Turismo";1702161649;682269820;1310069071;387978415;1810;1122;4478;357;"2006446";1;1
2007;446;"Ministério do Turismo";2102299225;600547529;1548598000;219698579;1853;1081;4505;366;"2007446";1;1
2008;446;"Ministério do Turismo";3026665318;546429168;2258686364;87236906;1871;1056;4528;388;"2008446";1;1
2009;446;"Ministério do Turismo";2949811567;557868582;2090875007;32398033;2049;1030;4729;464;"2009446";1;1
2010;446;"Ministério do Turismo";4224224349;640386030;3111162217;85101412;2313;1039;5076;444;"2010446";1;1
2011;446;"Ministério do Turismo";3728918622;250374880;2613914832;10548993;2310;1041;5177;502;"2011446";1;1
2012;446;"Ministério do Turismo";3495052294;295696609;2836289684;15754132;2305;1006;5188;554;"2012446";1;1
2013;446;"Ministério do Turismo";3641532245;272437681;3160667852;13919457;2306;999;5258;514;"2013446";1;1
2014;446;"Ministério do Turismo";1622486104;244981149;1195143609;18601689;2493;946;5436;503;"2014446";1;1
2015;446;"Ministério do Turismo";2067231552;195301597;1559138681;2853911;2524;907;5464;469;"2015446";1;1
2016;446;"Ministério do Turismo";1054310429;212831095;691445767;3877533;2455;849;5339;416;"2016446";1;1
2017;446;"Ministério do Turismo";986213262;205096946;671211594;16038631;2415;824;5296;NA;"2017446";1;1
2018;446;"Ministério do Turismo";1246779682;235243340;961791666;17890336;2337;767;5235;NA;"2018446";1;1
2019;446;"Ministério do Turismo";935617833;177042391;607554564;1938674;2390;698;5427;NA;"2019446";1;1
2020;446;"Ministério do Turismo";2176069758;646995357;868417269;22592925;2703;864;6346;NA;"2020446";1;1
1997;447;"Ministério dos Transportes";NA;NA;NA;NA;NA;NA;NA;5235;"1997447";1;0
1998;447;"Ministério dos Transportes";NA;NA;NA;NA;NA;NA;NA;4742;"1998447";1;0
1999;447;"Ministério dos Transportes";NA;NA;NA;NA;1586;3115;NA;4504;"1999447";1;0
2000;447;"Ministério dos Transportes";8135633921;3643141445;4293262799;1473053487;1745;3269;NA;4795;"2000447";1;0
2001;447;"Ministério dos Transportes";8066401025;4771052265;4152580690;1552166178;1933;3036;NA;4724;"2001447";1;0
2002;447;"Ministério dos Transportes";10880189948;5573962719;3927069779;943660566;2286;2790;NA;4882;"2002447";1;0
2003;447;"Ministério dos Transportes";11546308895;3359051408;3091957985;370670727;1974;2050;NA;3878;"2003447";1;1
2004;447;"Ministério dos Transportes";9978646230;3710965983;3603381574;1041056729;2006;2500;NA;4348;"2004447";1;1
2005;447;"Ministério dos Transportes";10197955383;4804367739;6565282216;2065904152;2128;2713;NA;4651;"2005447";1;1
2006;447;"Ministério dos Transportes";9652097975;4836135784;6198310066;2040196730;2866;3047;NA;5337;"2006447";1;1
2007;447;"Ministério dos Transportes";14368792580;6333000189;10878169185;3372103129;3393;3203;NA;5454;"2007447";1;1
2008;447;"Ministério dos Transportes";15119964134;4982875467;10977034474;2075908149;3723;3054;NA;5254;"2008447";1;1
2009;447;"Ministério dos Transportes";16691039013;7725403120;12558970312;4307124102;4019;3472;NA;5895;"2009447";1;1
2010;447;"Ministério dos Transportes";21249921408;10394067077;16274300187;6676753957;4457;3753;NA;6140;"2010447";1;1
2011;447;"Ministério dos Transportes";22321856817;10353591784;17116207955;6079396610;4491;3676;NA;6136;"2011447";1;1
2012;447;"Ministério dos Transportes";28348000890;9169820724;23163081844;4723282806;4328;3619;NA;6002;"2012447";1;1
2013;447;"Ministério dos Transportes";21124197377;9079670547;15181987707;4369416370;4839;3816;NA;6264;"2013447";1;1
2014;447;"Ministério dos Transportes";21730763598;9998181329;16305813264;5225165065;4830;3658;NA;6434;"2014447";1;1
2015;447;"Ministério dos Transportes";19083215035;7122987870;12917391607;1968974729;4847;3562;NA;6251;"2015447";1;1
2016;447;"Ministério dos Transportes";13977448475;8909163446;8167761981;3557165552;4779;3433;NA;6037;"2016447";1;1
1997;523;"Presidência da República";NA;NA;NA;NA;NA;NA;NA;5370;"1997523";1;NA
1998;523;"Presidência da República";NA;NA;NA;NA;NA;NA;NA;5401;"1998523";1;NA
1999;523;"Presidência da República";NA;NA;NA;NA;2695;4388;8127;2519;"1999523";1;NA
2000;523;"Presidência da República";1520867097;486218147;978435068;59830125;3752;5895;13188;3318;"2000523";1;NA
2001;523;"Presidência da República";2192974729;805246544;1376962755;201401558;5960;4188;13703;3284;"2001523";1;NA
2002;523;"Presidência da República";2211227130;838878311;1254777449;111030791;5610;3107;12270;3147;"2002523";1;0
2003;523;"Presidência da República";2851600354;1634784738;157207854;49057455;7105;4319;14995;3744;"2003523";1;1
2004;523;"Presidência da República";1403700353;1057889252;136576458;46607338;10792;4445;18823;3767;"2004523";1;1
2005;523;"Presidência da República";1989928006;1389464515;156233201;46185538;11499;4658;19799;4222;"2005523";1;1
2006;523;"Presidência da República";2034254444;1539666515;122619354;43843492;12459;4750;20960;4875;"2006523";1;1
2007;523;"Presidência da República";3124034400;1870432636;563753539;111269694;13207;4997;22112;5697;"2007523";1;0
2008;523;"Presidência da República";4770861174;2605262103;1515779372;249987430;14682;5511;24347;7513;"2008523";1;0
2009;523;"Presidência da República";6108741550;3335598891;1795182744;366317112;15090;5742;25228;7917;"2009523";1;0
2010;523;"Presidência da República";6283721332;3538304873;1613675437;341895512;15271;6024;26059;7799;"2010523";1;0
2011;523;"Presidência da República";5673252353;3397112079;1027177461;128677776;14649;5714;25489;6873;"2011523";1;0
2012;523;"Presidência da República";6903958967;3641340445;1146805555;112621090;14742;5551;25796;8437;"2012523";1;0
2013;523;"Presidência da República";2305247958;1557860703;129311340;13034154;15203;5593;26806;9113;"2013523";1;0
2014;523;"Presidência da República";2202537812;1728149346;100702250;15787695;15145;5613;27149;9151;"2014523";1;0
2015;523;"Presidência da República";2509946649;1738938332;82487650;5977127;15156;5499;27501;18493;"2015523";1;0
2016;523;"Presidência da República";2567420208;1910504844;40302899;12838096;15170;5529;52092;17437;"2016523";1;0
2017;523;"Presidência da República";6944147530;4642029571;605163745;56967053;13314;4970;47479;NA;"2017523";1;1
2018;523;"Presidência da República";8242857622;4947141003;1442719178;213971903;13896;5018;46044;NA;"2018523";1;1
2019;523;"Presidência da República";2401790772;1755913696;66755533;8456965;13183;4543;44196;NA;"2019523";1;1
2020;523;"Presidência da República";2361960063;1756157388;109724409;7376422;13148;4398;43012;NA;"2020523";1;1
2000;551;"Secretaria de Assuntos Estratégicos";NA;NA;NA;NA;NA;NA;NA;NA;"2000551";0;0
2001;551;"Secretaria de Assuntos Estratégicos";NA;NA;NA;NA;NA;NA;NA;NA;"2001551";0;0
2002;551;"Secretaria de Assuntos Estratégicos";NA;NA;NA;NA;NA;NA;NA;NA;"2002551";0;0
2003;551;"Secretaria de Assuntos Estratégicos";NA;NA;NA;NA;NA;NA;NA;NA;"2003551";0;0
2004;551;"Secretaria de Assuntos Estratégicos";NA;NA;NA;NA;NA;NA;NA;NA;"2004551";0;0
2005;551;"Secretaria de Assuntos Estratégicos";NA;NA;NA;NA;NA;NA;NA;NA;"2005551";0;0
2006;551;"Secretaria de Assuntos Estratégicos";NA;NA;NA;NA;NA;NA;NA;NA;"2006551";0;0
2007;551;"Secretaria de Assuntos Estratégicos";NA;NA;NA;NA;NA;NA;NA;NA;"2007551";0;0
2008;551;"Secretaria de Assuntos Estratégicos";NA;NA;NA;NA;NA;NA;NA;NA;"2008551";1;0
2009;551;"Secretaria de Assuntos Estratégicos";NA;NA;NA;NA;NA;NA;NA;NA;"2009551";1;0
2010;551;"Secretaria de Assuntos Estratégicos";NA;NA;NA;NA;NA;NA;NA;NA;"2010551";1;0
2011;551;"Secretaria de Assuntos Estratégicos";NA;NA;NA;NA;NA;NA;NA;NA;"2011551";1;0
2012;551;"Secretaria de Assuntos Estratégicos";1579334;0;1579334;0;NA;NA;NA;NA;"2012551";1;0
2013;551;"Secretaria de Assuntos Estratégicos";357389882;318693096;4188000;759194;NA;NA;NA;NA;"2013551";1;0
2014;551;"Secretaria de Assuntos Estratégicos";354456906;325768107;5987000;362647;NA;NA;NA;NA;"2014551";1;0
2015;551;"Secretaria de Assuntos Estratégicos";359657989;329529483;2117941;543568;NA;NA;NA;NA;"2015551";1;0
2016;551;"Secretaria de Assuntos Estratégicos";NA;NA;NA;NA;NA;NA;NA;NA;"2016551";0;0
2017;551;"Secretaria de Assuntos Estratégicos";NA;NA;NA;NA;NA;NA;NA;NA;"2017551";1;0
2018;551;"Secretaria de Assuntos Estratégicos";NA;NA;NA;NA;NA;NA;NA;NA;"2018551";1;0
2019;551;"Secretaria de Assuntos Estratégicos";NA;NA;NA;NA;NA;NA;NA;NA;"2019551";1;0
2020;551;"Secretaria de Assuntos Estratégicos";NA;NA;NA;NA;NA;NA;NA;NA;"2020551";1;0
2000;552;"Secretaria de Aviação Civil";NA;NA;NA;NA;NA;NA;NA;NA;"2000552";0;NA
2001;552;"Secretaria de Aviação Civil";NA;NA;NA;NA;NA;NA;NA;NA;"2001552";0;NA
2002;552;"Secretaria de Aviação Civil";NA;NA;NA;NA;NA;NA;NA;NA;"2002552";0;NA
2003;552;"Secretaria de Aviação Civil";NA;NA;NA;NA;NA;NA;NA;NA;"2003552";0;NA
2004;552;"Secretaria de Aviação Civil";NA;NA;NA;NA;NA;NA;NA;NA;"2004552";0;NA
2005;552;"Secretaria de Aviação Civil";NA;NA;NA;NA;NA;NA;NA;NA;"2005552";0;NA
2006;552;"Secretaria de Aviação Civil";NA;NA;NA;NA;NA;NA;NA;NA;"2006552";0;NA
2007;552;"Secretaria de Aviação Civil";NA;NA;NA;NA;NA;NA;NA;NA;"2007552";0;NA
2008;552;"Secretaria de Aviação Civil";NA;NA;NA;NA;NA;NA;NA;NA;"2008552";0;NA
2009;552;"Secretaria de Aviação Civil";NA;NA;NA;NA;NA;NA;NA;NA;"2009552";0;NA
2010;552;"Secretaria de Aviação Civil";NA;NA;NA;NA;NA;NA;NA;NA;"2010552";0;NA
2011;552;"Secretaria de Aviação Civil";NA;NA;NA;NA;NA;NA;NA;NA;"2011552";1;0
2012;552;"Secretaria de Aviação Civil";753882426;0;196515760;0;NA;NA;NA;NA;"2012552";1;0
2013;552;"Secretaria de Aviação Civil";4243180194;1853506401;433475907;71521620;NA;NA;NA;NA;"2013552";1;0
2014;552;"Secretaria de Aviação Civil";4251072417;1873037918;704070693;101438389;NA;NA;NA;NA;"2014552";1;0
2015;552;"Secretaria de Aviação Civil";5535878014;2108566188;482033650;53184105;NA;NA;NA;NA;"2015552";1;0
2016;552;"Secretaria de Aviação Civil";19215236816;2421417962;217572028;16778145;NA;NA;NA;NA;"2016552";0;0
2017;552;"Secretaria de Aviação Civil";NA;NA;NA;NA;NA;NA;NA;NA;"2017552";0;0
2018;552;"Secretaria de Aviação Civil";NA;NA;NA;NA;NA;NA;NA;NA;"2018552";0;0
2019;552;"Secretaria de Aviação Civil";NA;NA;NA;NA;NA;NA;NA;NA;"2019552";0;0
2020;552;"Secretaria de Aviação Civil";NA;NA;NA;NA;NA;NA;NA;NA;"2020552";0;0
2000;557;"Secretaria de Políticas de Promoção da Igualdade Racial";NA;NA;NA;NA;NA;NA;NA;NA;"2000557";0;NA
2001;557;"Secretaria de Políticas de Promoção da Igualdade Racial";NA;NA;NA;NA;NA;NA;NA;NA;"2001557";0;NA
2002;557;"Secretaria de Políticas de Promoção da Igualdade Racial";NA;NA;NA;NA;NA;NA;NA;NA;"2002557";0;NA
2003;557;"Secretaria de Políticas de Promoção da Igualdade Racial";NA;NA;NA;NA;NA;NA;NA;NA;"2003557";1;0
2004;557;"Secretaria de Políticas de Promoção da Igualdade Racial";NA;NA;NA;NA;NA;NA;NA;NA;"2004557";1;0
2005;557;"Secretaria de Políticas de Promoção da Igualdade Racial";NA;NA;NA;NA;NA;NA;NA;NA;"2005557";1;0
2006;557;"Secretaria de Políticas de Promoção da Igualdade Racial";NA;NA;NA;NA;NA;NA;NA;NA;"2006557";1;0
2007;557;"Secretaria de Políticas de Promoção da Igualdade Racial";NA;NA;NA;NA;NA;NA;NA;NA;"2007557";1;0
2008;557;"Secretaria de Políticas de Promoção da Igualdade Racial";NA;NA;NA;NA;NA;NA;NA;NA;"2008557";1;0
2009;557;"Secretaria de Políticas de Promoção da Igualdade Racial";NA;NA;NA;NA;NA;NA;NA;NA;"2009557";1;0
2010;557;"Secretaria de Políticas de Promoção da Igualdade Racial";NA;NA;NA;NA;NA;NA;NA;NA;"2010557";1;0
2011;557;"Secretaria de Políticas de Promoção da Igualdade Racial";NA;NA;NA;NA;NA;NA;NA;NA;"2011557";1;0
2012;557;"Secretaria de Políticas de Promoção da Igualdade Racial";730560;0;730560;0;NA;NA;NA;NA;"2012557";1;0
2013;557;"Secretaria de Políticas de Promoção da Igualdade Racial";56138942;26551931;7811536;489563;NA;NA;NA;NA;"2013557";1;0
2014;557;"Secretaria de Políticas de Promoção da Igualdade Racial";57718698;21350166;11693429;360802;NA;NA;NA;NA;"2014557";1;0
2015;557;"Secretaria de Políticas de Promoção da Igualdade Racial";76703049;17934068;13697069;14335;NA;NA;NA;NA;"2015557";1;0
2016;557;"Secretaria de Políticas de Promoção da Igualdade Racial";NA;NA;NA;NA;NA;NA;NA;NA;"2016557";0;0
2017;557;"Secretaria de Políticas de Promoção da Igualdade Racial";NA;NA;NA;NA;NA;NA;NA;NA;"2017557";0;0
2018;557;"Secretaria de Políticas de Promoção da Igualdade Racial";NA;NA;NA;NA;NA;NA;NA;NA;"2018557";0;0
2019;557;"Secretaria de Políticas de Promoção da Igualdade Racial";NA;NA;NA;NA;NA;NA;NA;NA;"2019557";0;0
2020;557;"Secretaria de Políticas de Promoção da Igualdade Racial";NA;NA;NA;NA;NA;NA;NA;NA;"2020557";0;0
2000;751;"Secretaria Especial da Micro e Pequena Empresa";NA;NA;NA;NA;NA;NA;NA;NA;"2000751";0;NA
2001;751;"Secretaria Especial da Micro e Pequena Empresa";NA;NA;NA;NA;NA;NA;NA;NA;"2001751";0;NA
2002;751;"Secretaria Especial da Micro e Pequena Empresa";NA;NA;NA;NA;NA;NA;NA;NA;"2002751";0;NA
2003;751;"Secretaria Especial da Micro e Pequena Empresa";NA;NA;NA;NA;NA;NA;NA;NA;"2003751";0;NA
2004;751;"Secretaria Especial da Micro e Pequena Empresa";NA;NA;NA;NA;NA;NA;NA;NA;"2004751";0;NA
2005;751;"Secretaria Especial da Micro e Pequena Empresa";NA;NA;NA;NA;NA;NA;NA;NA;"2005751";0;NA
2006;751;"Secretaria Especial da Micro e Pequena Empresa";NA;NA;NA;NA;NA;NA;NA;NA;"2006751";0;NA
2007;751;"Secretaria Especial da Micro e Pequena Empresa";NA;NA;NA;NA;NA;NA;NA;NA;"2007751";0;NA
2008;751;"Secretaria Especial da Micro e Pequena Empresa";NA;NA;NA;NA;NA;NA;NA;NA;"2008751";0;NA
2009;751;"Secretaria Especial da Micro e Pequena Empresa";NA;NA;NA;NA;NA;NA;NA;NA;"2009751";0;NA
2010;751;"Secretaria Especial da Micro e Pequena Empresa";NA;NA;NA;NA;NA;NA;NA;NA;"2010751";0;NA
2011;751;"Secretaria Especial da Micro e Pequena Empresa";NA;NA;NA;NA;NA;NA;NA;NA;"2011751";0;NA
2012;751;"Secretaria Especial da Micro e Pequena Empresa";NA;NA;NA;NA;NA;NA;NA;NA;"2012751";1;NA
2013;751;"Secretaria Especial da Micro e Pequena Empresa";116547422;7604607;19595000;0;NA;NA;NA;NA;"2013751";1;0
2014;751;"Secretaria Especial da Micro e Pequena Empresa";87152148;51403292;12866679;3838757;NA;NA;NA;NA;"2014751";1;0
2015;751;"Secretaria Especial da Micro e Pequena Empresa";99057930;46435576;16690998;2391541;NA;NA;NA;NA;"2015751";1;0
2016;751;"Secretaria Especial da Micro e Pequena Empresa";NA;NA;NA;NA;NA;NA;NA;NA;"2016751";0;0
2017;751;"Secretaria Especial da Micro e Pequena Empresa";NA;NA;NA;NA;NA;NA;NA;NA;"2017751";0;0
2018;751;"Secretaria Especial da Micro e Pequena Empresa";NA;NA;NA;NA;NA;NA;NA;NA;"2018751";0;0
2019;751;"Secretaria Especial da Micro e Pequena Empresa";NA;NA;NA;NA;NA;NA;NA;NA;"2019751";0;0
2020;751;"Secretaria Especial da Micro e Pequena Empresa";NA;NA;NA;NA;NA;NA;NA;NA;"2020751";0;0
2000;561;"Secretaria Especial de Direitos Humanos";NA;NA;NA;NA;NA;NA;NA;NA;"2000561";0;NA
2001;561;"Secretaria Especial de Direitos Humanos";NA;NA;NA;NA;NA;NA;NA;NA;"2001561";0;NA
2002;561;"Secretaria Especial de Direitos Humanos";NA;NA;NA;NA;NA;NA;NA;NA;"2002561";0;NA
2003;561;"Secretaria Especial de Direitos Humanos";NA;NA;NA;NA;NA;NA;NA;NA;"2003561";1;0
2004;561;"Secretaria Especial de Direitos Humanos";NA;NA;NA;NA;NA;NA;NA;NA;"2004561";1;0
2005;561;"Secretaria Especial de Direitos Humanos";NA;NA;NA;NA;NA;NA;NA;NA;"2005561";1;0
2006;561;"Secretaria Especial de Direitos Humanos";NA;NA;NA;NA;NA;NA;NA;NA;"2006561";1;0
2007;561;"Secretaria Especial de Direitos Humanos";NA;NA;NA;NA;NA;NA;NA;NA;"2007561";1;0
2008;561;"Secretaria Especial de Direitos Humanos";NA;NA;NA;NA;NA;NA;NA;NA;"2008561";1;0
2009;561;"Secretaria Especial de Direitos Humanos";NA;NA;NA;NA;NA;NA;NA;NA;"2009561";1;1
2010;561;"Secretaria Especial de Direitos Humanos";NA;NA;NA;NA;NA;NA;NA;NA;"2010561";1;1
2011;561;"Secretaria Especial de Direitos Humanos";NA;NA;NA;NA;NA;NA;NA;NA;"2011561";1;1
2012;561;"Secretaria Especial de Direitos Humanos";24188278;0;24188278;0;NA;NA;NA;NA;"2012561";1;1
2013;561;"Secretaria Especial de Direitos Humanos";366831151;99643344;122121919;1798658;NA;NA;NA;NA;"2013561";1;1
2014;561;"Secretaria Especial de Direitos Humanos";325685270;113328342;126046503;14431340;NA;NA;NA;NA;"2014561";1;1
2015;561;"Secretaria Especial de Direitos Humanos";407373624;89554840;182844380;647000;NA;NA;NA;NA;"2015561";1;1
2016;561;"Secretaria Especial de Direitos Humanos";0;121682;0;0;NA;NA;NA;NA;"2016561";0;1
2017;561;"Secretaria Especial de Direitos Humanos";NA;NA;NA;NA;NA;NA;NA;NA;"2017561";0;1
2018;561;"Secretaria Especial de Direitos Humanos";NA;NA;NA;NA;NA;NA;NA;NA;"2018561";0;1
2019;561;"Secretaria Especial de Direitos Humanos";NA;NA;NA;NA;NA;NA;NA;NA;"2019561";0;1
2020;561;"Secretaria Especial de Direitos Humanos";NA;NA;NA;NA;NA;NA;NA;NA;"2020561";0;1
2000;562;"Secretaria Especial de Políticas para as Mulheres";NA;NA;NA;NA;NA;NA;NA;NA;"2000562";0;NA
2001;562;"Secretaria Especial de Políticas para as Mulheres";NA;NA;NA;NA;NA;NA;NA;NA;"2001562";0;NA
2002;562;"Secretaria Especial de Políticas para as Mulheres";NA;NA;NA;NA;NA;NA;NA;NA;"2002562";0;NA
2003;562;"Secretaria Especial de Políticas para as Mulheres";NA;NA;NA;NA;NA;NA;NA;NA;"2003562";1;0
2004;562;"Secretaria Especial de Políticas para as Mulheres";NA;NA;NA;NA;NA;NA;NA;NA;"2004562";1;0
2005;562;"Secretaria Especial de Políticas para as Mulheres";NA;NA;NA;NA;NA;NA;NA;NA;"2005562";1;0
2006;562;"Secretaria Especial de Políticas para as Mulheres";NA;NA;NA;NA;NA;NA;NA;NA;"2006562";1;0
2007;562;"Secretaria Especial de Políticas para as Mulheres";NA;NA;NA;NA;NA;NA;NA;NA;"2007562";1;0
2008;562;"Secretaria Especial de Políticas para as Mulheres";NA;NA;NA;NA;NA;NA;NA;NA;"2008562";1;0
2009;562;"Secretaria Especial de Políticas para as Mulheres";NA;NA;NA;NA;NA;NA;NA;NA;"2009562";1;0
2010;562;"Secretaria Especial de Políticas para as Mulheres";NA;NA;NA;NA;NA;NA;NA;NA;"2010562";1;0
2011;562;"Secretaria Especial de Políticas para as Mulheres";NA;NA;NA;NA;NA;NA;NA;NA;"2011562";1;0
2012;562;"Secretaria Especial de Políticas para as Mulheres";5981153;0;5981153;0;NA;NA;NA;NA;"2012562";1;0
2013;562;"Secretaria Especial de Políticas para as Mulheres";208555722;46355668;84094460;15666849;NA;NA;NA;NA;"2013562";1;0
2014;562;"Secretaria Especial de Políticas para as Mulheres";219229726;73099258;84846880;11690890;NA;NA;NA;NA;"2014562";1;0
2015;562;"Secretaria Especial de Políticas para as Mulheres";266413888;71194340;109025905;18214493;NA;NA;NA;NA;"2015562";1;0
2016;562;"Secretaria Especial de Políticas para as Mulheres";NA;NA;NA;NA;NA;NA;NA;NA;"2016562";0;0
2017;562;"Secretaria Especial de Políticas para as Mulheres";NA;NA;NA;NA;NA;NA;NA;NA;"2017562";0;0
2018;562;"Secretaria Especial de Políticas para as Mulheres";NA;NA;NA;NA;NA;NA;NA;NA;"2018562";0;0
2019;562;"Secretaria Especial de Políticas para as Mulheres";NA;NA;NA;NA;NA;NA;NA;NA;"2019562";0;0
2020;562;"Secretaria Especial de Políticas para as Mulheres";NA;NA;NA;NA;NA;NA;NA;NA;"2020562";0;0
2000;564;"Secretaria Nacional de Portos";NA;NA;NA;NA;NA;NA;NA;NA;"2000564";0;NA
2001;564;"Secretaria Nacional de Portos";NA;NA;NA;NA;NA;NA;NA;NA;"2001564";0;NA
2002;564;"Secretaria Nacional de Portos";NA;NA;NA;NA;NA;NA;NA;NA;"2002564";0;NA
2003;564;"Secretaria Nacional de Portos";NA;NA;NA;NA;NA;NA;NA;NA;"2003564";0;NA
2004;564;"Secretaria Nacional de Portos";NA;NA;NA;NA;NA;NA;NA;NA;"2004564";0;NA
2005;564;"Secretaria Nacional de Portos";NA;NA;NA;NA;NA;NA;NA;NA;"2005564";0;NA
2006;564;"Secretaria Nacional de Portos";NA;NA;NA;NA;NA;NA;NA;NA;"2006564";0;NA
2007;564;"Secretaria Nacional de Portos";NA;NA;NA;NA;NA;NA;NA;NA;"2007564";1;0
2008;564;"Secretaria Nacional de Portos";NA;NA;NA;NA;NA;NA;NA;NA;"2008564";1;0
2009;564;"Secretaria Nacional de Portos";NA;NA;NA;NA;NA;NA;NA;NA;"2009564";1;0
2010;564;"Secretaria Nacional de Portos";NA;NA;NA;NA;NA;NA;NA;NA;"2010564";1;0
2011;564;"Secretaria Nacional de Portos";NA;NA;NA;NA;NA;NA;NA;NA;"2011564";1;0
2012;564;"Secretaria Nacional de Portos";615046339;0;311950001;0;NA;NA;NA;NA;"2012564";1;0
2013;564;"Secretaria Nacional de Portos";1079608270;183015094;341590831;1249439;NA;NA;NA;NA;"2013564";1;0
2014;564;"Secretaria Nacional de Portos";1523347041;216658040;567395552;30596842;NA;NA;NA;NA;"2014564";1;0
2015;564;"Secretaria Nacional de Portos";1119008932;284762007;454969974;3699739;NA;NA;NA;NA;"2015564";1;0
2016;564;"Secretaria Nacional de Portos";988446871;333181350;471413781;32171814;NA;NA;NA;NA;"2016564";0;0
2017;564;"Secretaria Nacional de Portos";NA;NA;NA;NA;NA;NA;NA;NA;"2017564";0;0
2018;564;"Secretaria Nacional de Portos";NA;NA;NA;NA;NA;NA;NA;NA;"2018564";0;0
2019;564;"Secretaria Nacional de Portos";NA;NA;NA;NA;NA;NA;NA;NA;"2019564";0;0
2020;564;"Secretaria Nacional de Portos";NA;NA;NA;NA;NA;NA;NA;NA;"2020564";0;0
2000;658;"Vice-Presidência da República";3212689;3013712;71000;53676;NA;NA;NA;NA;"2000658";1;NA
2001;658;"Vice-Presidência da República";5104281;3225501;101000;49585;NA;NA;NA;NA;"2001658";1;NA
2002;658;"Vice-Presidência da República";4653439;4039461;355000;144543;NA;NA;NA;NA;"2002658";1;NA
2003;658;"Vice-Presidência da República";4581769;3774621;210000;11727;NA;NA;NA;NA;"2003658";1;0
2004;658;"Vice-Presidência da República";5253179;4767384;110000;107477;NA;NA;NA;NA;"2004658";1;0
2005;658;"Vice-Presidência da República";4855330;4235892;2e+09;6845;NA;NA;NA;NA;"2005658";1;0
2006;658;"Vice-Presidência da República";5243472;4995656;737;470;NA;NA;NA;NA;"2006658";1;0
2007;658;"Vice-Presidência da República";5393837;5276375;103737;75068;NA;NA;NA;NA;"2007658";1;0
2008;658;"Vice-Presidência da República";6596021;6394427;12000;9583;NA;NA;NA;NA;"2008658";1;0
2009;658;"Vice-Presidência da República";6642977;5666945;3e+09;5793;NA;NA;NA;NA;"2009658";1;0
2010;658;"Vice-Presidência da República";7658235;6231162;3e+09;76174;NA;NA;NA;NA;"2010658";1;0
2011;658;"Vice-Presidência da República";7729679;6853598;3e+09;88169;NA;NA;NA;NA;"2011658";1;0
2012;658;"Vice-Presidência da República";9270498;7390782;746667;141174;NA;NA;NA;NA;"2012658";1;0
2013;658;"Vice-Presidência da República";10289470;8125091;2e+09;87139;NA;NA;NA;NA;"2013658";1;0
2014;658;"Vice-Presidência da República";11010229;9030863;250000;187268;NA;NA;NA;NA;"2014658";1;0
2015;658;"Vice-Presidência da República";12315056;9963579;580000;86094;NA;NA;NA;NA;"2015658";1;0
2016;658;"Vice-Presidência da República";11168214;7326897;500260;3249;NA;NA;NA;NA;"2016658";1;0
2017;658;"Vice-Presidência da República";7013455;902506;168123;0;NA;NA;NA;NA;"2017658";1;0
2018;658;"Vice-Presidência da República";3660568;1220053;105621;0;NA;NA;NA;NA;"2018658";1;0
2019;658;"Vice-Presidência da República";19251155;14618158;785856;715817;NA;NA;NA;NA;"2019658";1;1
2020;658;"Vice-Presidência da República";16684566;12058768;1094250;407771;NA;NA;NA;NA;"2020658";1;1
2017;428;"Ministério da Integração Nacional";8711941691;3795148205;5613582970;1183668718;1625;1257;12396;NA;"2017428";1;1
2018;428;"Ministério da Integração Nacional";7304284582;3538869036;4578079109;1348680335;1557;1179;12153;NA;"2018428";1;1
2017;447;"Ministério dos Transportes";26124487611;14657779043;10003831064;5562804953;4961;3424;NA;NA;"2017447";1;1
2018;447;"Ministério dos Transportes";20035633212;12249926243;8428047373;5344537698;4885;3338;NA;NA;"2018447";1;1
