"ano";"dotacao_atual_total";"pago_total";"dotacao_atual_invest";"pago_invest";"org_limpo";"id_org_limpo";"servidores_superior";"servidores_naosup";"forca_trabalho"
2000;1520867097;486218147;978435068;59830125;"Presidência da República";523;3752;5895;3318
2001;2192974729;805246544;1376962755;201401558;"Presidência da República";523;5960;4188;3284
2002;2211227130;838878311;1254777449;111030791;"Presidência da República";523;5610;3107;3147
2003;2851600354;1634784738;157207854;49057455;"Presidência da República";523;7105;4319;3744
2004;1403700353;1057889252;136576458;46607338;"Presidência da República";523;10792;4445;3767
2005;1989928006;1389464515;156233201;46185538;"Presidência da República";523;11499;4658;4222
2006;2034254444;1539666515;122619354;43843492;"Presidência da República";523;12459;4750;4875
2007;3124034400;1870432636;563753539;111269694;"Presidência da República";523;13207;4997;5697
2008;4770861174;2605262103;1515779372;249987430;"Presidência da República";523;14682;5511;7513
2009;6108741550;3335598891;1795182744;366317112;"Presidência da República";523;15090;5742;7917
2010;6283721332;3538304873;1613675437;341895512;"Presidência da República";523;15271;6024;7799
2011;5673252353;3397112079;1027177461;128677776;"Presidência da República";523;14649;5714;6873
2012;6903958967;3641340445;1146805555;112621090;"Presidência da República";523;14742;5551;8437
2013;2305247958;1557860703;129311340;13034154;"Presidência da República";523;15203;5593;9113
2014;2202537812;1728149346;100702250;15787695;"Presidência da República";523;15145;5613;9151
2015;2509946649;1738938332;82487650;5977127;"Presidência da República";523;15156;5499;18493
2016;2567420208;1910504844;40302899;12838096;"Presidência da República";523;15170;5529;17437
2017;6944147530;4642029571;605163745;56967053;"Presidência da República";523;13314;4970;NA
2018;8242857622;4947141003;1442719178;213971903;"Presidência da República";523;13896;5018;NA
2019;2401790772;1755913696;66755533;8456965;"Presidência da República";523;13183;4543;NA
2020;2361960063;1756157388;109724409;7376422;"Presidência da República";523;13148;4398;NA
2000;3212689;3013712;71000;53676;"Vice-Presidência da República";658;NA;NA;NA
2001;5104281;3225501;101000;49585;"Vice-Presidência da República";658;NA;NA;NA
2002;4653439;4039461;355000;144543;"Vice-Presidência da República";658;NA;NA;NA
2003;4581769;3774621;210000;11727;"Vice-Presidência da República";658;NA;NA;NA
2004;5253179;4767384;110000;107477;"Vice-Presidência da República";658;NA;NA;NA
2005;4855330;4235892;2e+07;6845;"Vice-Presidência da República";658;NA;NA;NA
2006;5243472;4995656;737;470;"Vice-Presidência da República";658;NA;NA;NA
2007;5393837;5276375;103737;75068;"Vice-Presidência da República";658;NA;NA;NA
2008;6596021;6394427;12000;9583;"Vice-Presidência da República";658;NA;NA;NA
2009;6642977;5666945;3e+07;5793;"Vice-Presidência da República";658;NA;NA;NA
2010;7658235;6231162;3e+07;76174;"Vice-Presidência da República";658;NA;NA;NA
2011;7729679;6853598;3e+07;88169;"Vice-Presidência da República";658;NA;NA;NA
2012;9203831;7390782;680000;141174;"Vice-Presidência da República";658;NA;NA;NA
2013;NA;NA;NA;NA;"Vice-Presidência da República";658;NA;NA;NA
2014;NA;NA;NA;NA;"Vice-Presidência da República";658;NA;NA;NA
2015;NA;NA;NA;NA;"Vice-Presidência da República";658;NA;NA;NA
2016;NA;NA;NA;NA;"Vice-Presidência da República";658;NA;NA;NA
2017;NA;NA;NA;NA;"Vice-Presidência da República";658;NA;NA;NA
2018;NA;NA;NA;NA;"Vice-Presidência da República";658;NA;NA;NA
2019;NA;NA;NA;NA;"Vice-Presidência da República";658;NA;NA;NA
2020;NA;NA;NA;NA;"Vice-Presidência da República";658;NA;NA;NA
2000;92451682;71077032;5987605;4119171;"AGU - Advocacia Geral da União";27;NA;NA;2615
2001;125041086;111052389;8499046;4720284;"AGU - Advocacia Geral da União";27;NA;NA;3161
2002;155876388;142112813;3660070;879018;"AGU - Advocacia Geral da União";27;NA;NA;1683
2003;246222205;211675714;6921442;2081548;"AGU - Advocacia Geral da União";27;NA;NA;3804
2004;855679261;796558509;14598576;1205468;"AGU - Advocacia Geral da União";27;NA;NA;7382
2005;1055289590;833935654;9218666;1417384;"AGU - Advocacia Geral da União";27;NA;NA;7766
2006;1141135024;1093274239;20776690;786108;"AGU - Advocacia Geral da União";27;NA;NA;8249
2007;1458331144;1383444871;18197408;2991998;"AGU - Advocacia Geral da União";27;NA;NA;8900
2008;1959309763;1828037271;77662580;2158961;"AGU - Advocacia Geral da União";27;NA;NA;8977
2009;2189399726;2072387449;24538735;5681682;"AGU - Advocacia Geral da União";27;NA;NA;9111
2010;2369824157;2282570545;32202223;11078475;"AGU - Advocacia Geral da União";27;NA;NA;7351
2011;2442749174;2365751164;12936400;1176992;"AGU - Advocacia Geral da União";27;NA;NA;7621
2012;2507641864;2401286209;18135165;798596;"AGU - Advocacia Geral da União";27;NA;NA;7487
2013;NA;NA;NA;NA;"AGU - Advocacia Geral da União";27;NA;NA;7435
2014;NA;NA;NA;NA;"AGU - Advocacia Geral da União";27;NA;NA;9197
2015;NA;NA;NA;NA;"AGU - Advocacia Geral da União";27;NA;NA;NA
2016;NA;NA;NA;NA;"AGU - Advocacia Geral da União";27;NA;NA;NA
2017;NA;NA;NA;NA;"AGU - Advocacia Geral da União";27;NA;NA;NA
2018;NA;NA;NA;NA;"AGU - Advocacia Geral da União";27;NA;NA;NA
2019;NA;NA;NA;NA;"AGU - Advocacia Geral da União";27;NA;NA;NA
2020;NA;NA;NA;NA;"AGU - Advocacia Geral da União";27;NA;NA;NA
2000;4731585950;3498998548;281832803;40253730;"Ministério da Agricultura, Pecuária e Abastecimento";421;5724;10974;10696
2001;6276027766;3426813052;379486903;64673468;"Ministério da Agricultura, Pecuária e Abastecimento";421;6263;10880;11164
2002;5486246009;3717093229;299769698;55430148;"Ministério da Agricultura, Pecuária e Abastecimento";421;6827;10387;11415
2003;5948894225;4123318755;195748295;16076567;"Ministério da Agricultura, Pecuária e Abastecimento";421;6411;9959;10973
2004;7049187846;3085177051;201993657;47231993;"Ministério da Agricultura, Pecuária e Abastecimento";421;7038;9956;11373
2005;5582580465;3878427210;370532107;57919089;"Ministério da Agricultura, Pecuária e Abastecimento";421;7370;10079;11742
2006;6065988895;4082531281;454106532;53484623;"Ministério da Agricultura, Pecuária e Abastecimento";421;8021;9961;11409
2007;6717882091;4094502490;622126494;73405408;"Ministério da Agricultura, Pecuária e Abastecimento";421;8413;9737;11551
2008;7496345576;4469247432;853835132;93863354;"Ministério da Agricultura, Pecuária e Abastecimento";421;8785;9567;11588
2009;9728452727;7474908729;1122352052;123468750;"Ministério da Agricultura, Pecuária e Abastecimento";421;8995;9774;12119
2010;9693984451;6508908905;1508666639;95205903;"Ministério da Agricultura, Pecuária e Abastecimento";421;8671;9440;11696
2011;10106845138;6695877476;1197393293;94097919;"Ministério da Agricultura, Pecuária e Abastecimento";421;8526;9077;11357
2012;11342500657;6707478227;1906649282;67245945;"Ministério da Agricultura, Pecuária e Abastecimento";421;8598;8761;11314
2013;11639957791;7244009634;1571279804;39296731;"Ministério da Agricultura, Pecuária e Abastecimento";421;8436;8417;10668
2014;11470023474;7652170803;1394648698;114615590;"Ministério da Agricultura, Pecuária e Abastecimento";421;8610;8255;11082
2015;12489910095;7970717552;1530230382;22968801;"Ministério da Agricultura, Pecuária e Abastecimento";421;8412;7829;10774
2016;12813238300;8845330281;876561969;115090076;"Ministério da Agricultura, Pecuária e Abastecimento";421;8286;7572;10620
2017;12416655581;9534358802;1080309183;52473376;"Ministério da Agricultura, Pecuária e Abastecimento";421;7727;7117;NA
2018;12172996402;8827544279;1218035443;106022543;"Ministério da Agricultura, Pecuária e Abastecimento";421;7914;6564;NA
2019;17837634971;12904693589;1752931340;35199184;"Ministério da Agricultura, Pecuária e Abastecimento";421;7801;5105;NA
2020;17292155290;12494196554;1745421797;40029557;"Ministério da Agricultura, Pecuária e Abastecimento";421;7589;4561;NA
2000;1753427206;1368484274;308054060;115502474;"Ministério da Ciência e Tecnologia";422;142;548;6893
2000;1753427206;1368484274;308054060;115502474;"Ministério da Ciência e Tecnologia";422;1554;2165;6893
2001;2336241256;1696512005;482859270;150997009;"Ministério da Ciência e Tecnologia";422;559;118;6750
2001;2336241256;1696512005;482859270;150997009;"Ministério da Ciência e Tecnologia";422;3250;615;6750
2002;2535262055;1696209394;314895952;34581327;"Ministério da Ciência e Tecnologia";422;599;127;7051
2002;2535262055;1696209394;314895952;34581327;"Ministério da Ciência e Tecnologia";422;3430;639;7051
2003;3117626328;2023109287;194086343;62937969;"Ministério da Ciência e Tecnologia";422;497;231;6972
2003;3117626328;2023109287;194086343;62937969;"Ministério da Ciência e Tecnologia";422;3164;816;6972
2004;3553370902;2349174699;217394234;143717988;"Ministério da Ciência e Tecnologia";422;567;222;7152
2004;3553370902;2349174699;217394234;143717988;"Ministério da Ciência e Tecnologia";422;3091;797;7152
2005;4527964970;2615350095;627227606;204562649;"Ministério da Ciência e Tecnologia";422;575;209;7243
2005;4527964970;2615350095;627227606;204562649;"Ministério da Ciência e Tecnologia";422;3305;1025;7243
2006;4689355549;2716622410;982915587;422197588;"Ministério da Ciência e Tecnologia";422;570;203;7111
2006;4689355549;2716622410;982915587;422197588;"Ministério da Ciência e Tecnologia";422;3217;1024;7111
2007;4912984408;2998049007;982076988;414124302;"Ministério da Ciência e Tecnologia";422;533;198;6959
2007;4912984408;2998049007;982076988;414124302;"Ministério da Ciência e Tecnologia";422;3320;934;6959
2008;5741092280;3555895836;1075847513;410025569;"Ministério da Ciência e Tecnologia";422;524;184;6806
2008;5741092280;3555895836;1075847513;410025569;"Ministério da Ciência e Tecnologia";422;3244;902;6806
2009;5874850485;3998376065;1123310203;431844828;"Ministério da Ciência e Tecnologia";422;523;173;6931
2009;5874850485;3998376065;1123310203;431844828;"Ministério da Ciência e Tecnologia";422;3250;957;6931
2010;7098369476;4669017800;1581430870;502840897;"Ministério da Ciência e Tecnologia";422;498;154;7192
2010;7098369476;4669017800;1581430870;502840897;"Ministério da Ciência e Tecnologia";422;3294;950;7192
2011;6369651739;3872786742;1057914364;302024400;"Ministério da Ciência e Tecnologia";422;548;156;7043
2011;6369651739;3872786742;1057914364;302024400;"Ministério da Ciência e Tecnologia";422;3252;899;7043
2012;8369315038;4447963712;2110454077;336451086;"Ministério da Ciência e Tecnologia";422;552;155;6889
2012;8369315038;4447963712;2110454077;336451086;"Ministério da Ciência e Tecnologia";422;3163;871;6889
2013;9253536996;5470265112;1537307669;301682867;"Ministério da Ciência e Tecnologia";422;532;121;7258
2013;9253536996;5470265112;1537307669;301682867;"Ministério da Ciência e Tecnologia";422;3090;847;7258
2014;8959088672;5766519043;1176042257;289650695;"Ministério da Ciência e Tecnologia";422;496;103;6887
2014;8959088672;5766519043;1176042257;289650695;"Ministério da Ciência e Tecnologia";422;2778;1026;6887
2015;8850805297;4945472384;864094552;101036873;"Ministério da Ciência e Tecnologia";422;473;95;6652
2015;8850805297;4945472384;864094552;101036873;"Ministério da Ciência e Tecnologia";422;2772;1059;6652
2016;7787700329;4974376008;567957282;234585047;"Ministério da Ciência e Tecnologia";422;446;80;8654
2016;7787700329;4974376008;567957282;234585047;"Ministério da Ciência e Tecnologia";422;2682;1034;8654
2017;13489834862;7084409399;712804539;337485861;"Ministério da Ciência e Tecnologia";422;403;69;NA
2017;13489834862;7084409399;712804539;337485861;"Ministério da Ciência e Tecnologia";422;2555;965;NA
2018;11141877723;7297280364;506897049;262470407;"Ministério da Ciência e Tecnologia";422;377;62;NA
2018;11141877723;7297280364;506897049;262470407;"Ministério da Ciência e Tecnologia";422;2512;923;NA
2019;13909133639;7661043463;459628457;236711182;"Ministério da Ciência e Tecnologia";422;335;56;NA
2019;13909133639;7661043463;459628457;236711182;"Ministério da Ciência e Tecnologia";422;2408;848;NA
2020;13604870061;6984365336;503984115;254150011;"Ministério da Ciência e Tecnologia";422;325;52;NA
2020;13604870061;6984365336;503984115;254150011;"Ministério da Ciência e Tecnologia";422;2370;815;NA
2000;218953386;140537130;33148727;14539468;"Ministério da Ciência e Tecnologia";422;142;548;6893
2000;218953386;140537130;33148727;14539468;"Ministério da Ciência e Tecnologia";422;1554;2165;6893
2001;241089862;189213030;42928210;24753446;"Ministério da Ciência e Tecnologia";422;559;118;6750
2001;241089862;189213030;42928210;24753446;"Ministério da Ciência e Tecnologia";422;3250;615;6750
2002;300044898;224875074;58311476;21598826;"Ministério da Ciência e Tecnologia";422;599;127;7051
2002;300044898;224875074;58311476;21598826;"Ministério da Ciência e Tecnologia";422;3430;639;7051
2003;335286342;259747860;46339837;24450671;"Ministério da Ciência e Tecnologia";422;497;231;6972
2003;335286342;259747860;46339837;24450671;"Ministério da Ciência e Tecnologia";422;3164;816;6972
2004;394923526;271879031;48668875;25919939;"Ministério da Ciência e Tecnologia";422;567;222;7152
2004;394923526;271879031;48668875;25919939;"Ministério da Ciência e Tecnologia";422;3091;797;7152
2005;592745230;381103600;75229676;35689681;"Ministério da Ciência e Tecnologia";422;575;209;7243
2005;592745230;381103600;75229676;35689681;"Ministério da Ciência e Tecnologia";422;3305;1025;7243
2006;490303504;413328621;75260070;43899205;"Ministério da Ciência e Tecnologia";422;570;203;7111
2006;490303504;413328621;75260070;43899205;"Ministério da Ciência e Tecnologia";422;3217;1024;7111
2007;534514062;364846818;67208631;22269152;"Ministério da Ciência e Tecnologia";422;533;198;6959
2007;534514062;364846818;67208631;22269152;"Ministério da Ciência e Tecnologia";422;3320;934;6959
2008;666306952;469866742;100118236;39290966;"Ministério da Ciência e Tecnologia";422;524;184;6806
2008;666306952;469866742;100118236;39290966;"Ministério da Ciência e Tecnologia";422;3244;902;6806
2009;724297495;531208745;112037314;37085929;"Ministério da Ciência e Tecnologia";422;523;173;6931
2009;724297495;531208745;112037314;37085929;"Ministério da Ciência e Tecnologia";422;3250;957;6931
2010;779817797;640594278;101452613;30544514;"Ministério da Ciência e Tecnologia";422;498;154;7192
2010;779817797;640594278;101452613;30544514;"Ministério da Ciência e Tecnologia";422;3294;950;7192
2011;979002052;705885616;147958364;43087877;"Ministério da Ciência e Tecnologia";422;548;156;7043
2011;979002052;705885616;147958364;43087877;"Ministério da Ciência e Tecnologia";422;3252;899;7043
2012;1241104349;865960435;210142452;21492631;"Ministério da Ciência e Tecnologia";422;552;155;6889
2012;1241104349;865960435;210142452;21492631;"Ministério da Ciência e Tecnologia";422;3163;871;6889
2013;1339172778;861892303;111734665;27109844;"Ministério da Ciência e Tecnologia";422;532;121;7258
2013;1339172778;861892303;111734665;27109844;"Ministério da Ciência e Tecnologia";422;3090;847;7258
2014;1256763024;863955486;145707815;36670126;"Ministério da Ciência e Tecnologia";422;496;103;6887
2014;1256763024;863955486;145707815;36670126;"Ministério da Ciência e Tecnologia";422;2778;1026;6887
2015;1233892474;873789234;105428599;19882628;"Ministério da Ciência e Tecnologia";422;473;95;6652
2015;1233892474;873789234;105428599;19882628;"Ministério da Ciência e Tecnologia";422;2772;1059;6652
2016;1484269325;1021331635;109005453;32283225;"Ministério da Ciência e Tecnologia";422;446;80;8654
2016;1484269325;1021331635;109005453;32283225;"Ministério da Ciência e Tecnologia";422;2682;1034;8654
2017;1464881662;1007982040;137668577;42877093;"Ministério da Ciência e Tecnologia";422;403;69;NA
2017;1464881662;1007982040;137668577;42877093;"Ministério da Ciência e Tecnologia";422;2555;965;NA
2018;1203348262;930468021;66809398;25004849;"Ministério da Ciência e Tecnologia";422;377;62;NA
2018;1203348262;930468021;66809398;25004849;"Ministério da Ciência e Tecnologia";422;2512;923;NA
2019;NA;NA;NA;NA;"Ministério da Ciência e Tecnologia";422;335;56;NA
2019;NA;NA;NA;NA;"Ministério da Ciência e Tecnologia";422;2408;848;NA
2020;NA;NA;NA;NA;"Ministério da Ciência e Tecnologia";422;325;52;NA
2020;NA;NA;NA;NA;"Ministério da Ciência e Tecnologia";422;2370;815;NA
2000;13204117394;5342128170;113118600;30548407;"Ministério da Economia";425;41848;59745;NA
2001;12587058960;5952385458;168375373;48680042;"Ministério da Economia";425;52525;48433;NA
2002;12999074827;6499379860;199563045;69350832;"Ministério da Economia";425;50993;50128;NA
2003;10802162870;7759187480;60350576;23667918;"Ministério da Economia";425;50083;49509;NA
2004;10365138747;8772868216;114472954;60379980;"Ministério da Economia";425;51243;48440;NA
2005;11022019224;9047969199;351633904;202782676;"Ministério da Economia";425;53031;47668;NA
2006;11862029149;10354998496;331179612;52125122;"Ministério da Economia";425;57268;47009;NA
2007;15122807004;12762516856;269470831;47893351;"Ministério da Economia";425;58123;45773;NA
2008;16883547780;13972215388;173801885;22638898;"Ministério da Economia";425;58777;45868;NA
2009;19073312961;15676749625;177041195;27870998;"Ministério da Economia";425;59702;44821;NA
2010;21126727842;17000687641;231653838;49620245;"Ministério da Economia";425;61067;42613;NA
2011;21928210889;18335541502;386827756;209443373;"Ministério da Economia";425;59748;41032;NA
2012;24439278934;18979186201;1113221946;209926858;"Ministério da Economia";425;57734;42461;NA
2013;25978299434;20264877229;1129815809;159190193;"Ministério da Economia";425;60688;40313;NA
2014;28568603844;20521317778;973047456;157995280;"Ministério da Economia";425;61104;39228;NA
2015;32543619556;22085795511;807073576;184851828;"Ministério da Economia";425;59795;37774;NA
2016;26522889223;21930624178;516181531;183313173;"Ministério da Economia";425;58760;36986;NA
2017;28247924127;25180485823;589529454;232501906;"Ministério da Economia";425;58886;37417;NA
2018;30854153933;25401011383;467059175;178511926;"Ministério da Economia";425;57343;36229;NA
2019;7,73e+18;7,22e+18;851607828;203683556;"Ministério da Economia";425;61491;35017;NA
2020;8,8e+18;7,87e+18;597109010;169327297;"Ministério da Economia";425;61838;34479;NA
2000;14359294228;11541552456;1107120168;312975460;"Ministério da Educação";426;77187;77835;165595
2001;16760032191;13234679547;1468831890;508581754;"Ministério da Educação";426;92980;60010;163479
2002;18261210134;15760729579;984810859;305935843;"Ministério da Educação";426;96591;58236;165163
2003;18902857426;16570771043;709871441;245636182;"Ministério da Educação";426;96766;58075;164870
2004;19521090512;17157878368;695394091;264227336;"Ministério da Educação";426;101518;60025;171925
2005;22329424928;18082501459;1110137410;292232186;"Ministério da Educação";426;103018;59635;173181
2006;24904363112;21673566266;1349736722;288036017;"Ministério da Educação";426;109133;59270;179449
2007;29474812754;24625885394;2920772513;640838680;"Ministério da Educação";426;111309;57864;180895
2008;34820102236;28984386427;3748817754;739783613;"Ministério da Educação";426;118517;56950;188440
2009;45283180939;36388742028;5701161494;1231275183;"Ministério da Educação";426;128267;55646;199174
2010;58060911146;47327358112;7271410535;2642570738;"Ministério da Educação";426;158221;59954;215025
2011;68388140257;53551493297;9353958285;2656516692;"Ministério da Educação";426;172944;58522;227848
2012;85179469661;62498898963;18046331566;5614315195;"Ministério da Educação";426;185272;57041;238335
2013;92362047862;69913265639;13770531295;2211023664;"Ministério da Educação";426;200277;53417;247961
2014;1,01e+18;79730860685;14497899431;2608328317;"Ministério da Educação";426;220707;51961;270024
2015;1,1e+18;86019861161;13163047445;1363970692;"Ministério da Educação";426;238501;42851;278444
2016;1,06e+18;90683711320;6348185576;1685099241;"Ministério da Educação";426;252488;38750;288314
2017;1,11e+18;96611127215;6116785878;1161387017;"Ministério da Educação";426;261824;35247;NA
2018;1,12e+17;98161637160;4322191693;1621864747;"Ministério da Educação";426;269125;31732;NA
2019;1,24e+18;1,01e+18;5881335448;836128009;"Ministério da Educação";426;272632;27411;NA
2020;1,19e+18;99444843487;4351657589;1121549216;"Ministério da Educação";426;269796;24823;NA
2000;1053050906;319946968;136880720;17432420;"Ministério do Desenvolvimento, Indústria e Comércio Exterior";439;352;331;2260
2001;1246706448;621586369;195026726;32822166;"Ministério do Desenvolvimento, Indústria e Comércio Exterior";439;430;314;2436
2002;1338906032;860664221;128065461;20948818;"Ministério do Desenvolvimento, Indústria e Comércio Exterior";439;420;262;2401
2003;1382960806;821117696;106148859;37629719;"Ministério do Desenvolvimento, Indústria e Comércio Exterior";439;451;253;2293
2004;1115667780;621395914;183576127;65435002;"Ministério do Desenvolvimento, Indústria e Comércio Exterior";439;439;249;2338
2005;1034899948;659861698;156622796;33756980;"Ministério do Desenvolvimento, Indústria e Comércio Exterior";439;443;242;2328
2006;1115960071;715664519;107334894;34712827;"Ministério do Desenvolvimento, Indústria e Comércio Exterior";439;509;257;2641
2007;1403307533;1050886968;218757102;168281761;"Ministério do Desenvolvimento, Indústria e Comércio Exterior";439;490;244;2677
2008;1407302149;865072532;196170723;25290533;"Ministério do Desenvolvimento, Indústria e Comércio Exterior";439;439;218;2780
2009;1774756062;1031792580;245653041;18410831;"Ministério do Desenvolvimento, Indústria e Comércio Exterior";439;466;205;2776
2010;1877270445;1153085920;300588571;25717671;"Ministério do Desenvolvimento, Indústria e Comércio Exterior";439;585;288;3112
2011;1942743064;1223741295;71888039;23198521;"Ministério do Desenvolvimento, Indústria e Comércio Exterior";439;557;283;3163
2012;3552213656;1476122794;265761544;53510466;"Ministério do Desenvolvimento, Indústria e Comércio Exterior";439;523;253;3159
2013;2851910391;1484954210;241943850;58294114;"Ministério do Desenvolvimento, Indústria e Comércio Exterior";439;601;209;3244
2014;2827574436;1650566872;174909022;35272446;"Ministério do Desenvolvimento, Indústria e Comércio Exterior";439;695;201;3410
2015;3352701600;1800639382;282283025;7254664;"Ministério do Desenvolvimento, Indústria e Comércio Exterior";439;676;181;3236
2016;3080638022;1715761515;249726809;7489654;"Ministério do Desenvolvimento, Indústria e Comércio Exterior";439;654;159;3190
2017;2715816968;1779400105;73625277;15900523;"Ministério do Desenvolvimento, Indústria e Comércio Exterior";439;842;215;NA
2018;2786751355;2175360088;42285800;9118716;"Ministério do Desenvolvimento, Indústria e Comércio Exterior";439;677;152;NA
2019;NA;NA;NA;NA;"Ministério do Desenvolvimento, Indústria e Comércio Exterior";439;NA;NA;NA
2020;NA;NA;NA;NA;"Ministério do Desenvolvimento, Indústria e Comércio Exterior";439;NA;NA;NA
2000;3420887639;2877614720;667364857;379156640;"Ministério da Justiça";429;7184;14399;21197
2001;3720323616;3082749026;845657777;603555319;"Ministério da Justiça";429;7422;13695;20685
2002;4210779964;3350117512;762527394;382525171;"Ministério da Justiça";429;9493;11654;20729
2003;4154953149;3390846339;624862829;211232625;"Ministério da Justiça";429;10305;11383;21244
2004;4515682402;3920064789;640752061;316032311;"Ministério da Justiça";429;11620;12267;23463
2005;5375463058;4217561932;664315962;301844736;"Ministério da Justiça";429;13108;12740;25502
2006;6176767668;5033043603;920105751;218834954;"Ministério da Justiça";429;14949;12948;27516
2007;7661012349;6308292340;1276281273;442030236;"Ministério da Justiça";429;15921;12387;27915
2008;9227604310;7309392076;1682559484;553693213;"Ministério da Justiça";429;16759;11839;28168
2009;9617391666;7943512514;928114230;199724200;"Ministério da Justiça";429;17948;11595;29130
2010;11053304431;8808372778;1304688007;216035269;"Ministério da Justiça";429;19718;11484;30969
2011;12271094760;8783199081;1570853586;176153129;"Ministério da Justiça";429;20173;11261;31183
2012;13433120652;8757418698;3248597067;356818036;"Ministério da Justiça";429;20998;10777;31497
2013;12849894089;9213095914;2400182290;384550802;"Ministério da Justiça";429;22225;10089;32063
2014;12756351338;9224181566;1871913311;122254675;"Ministério da Justiça";429;23479;9861;32897
2015;13484627648;9962542811;1715859306;62476408;"Ministério da Justiça";429;23416;9199;32156
2016;15750019143;11972693039;2600819143;1193081641;"Ministério da Justiça";429;24351;8856;32777
2017;17066014731;13093874951;2292861021;538756730;"Ministério da Justiça";429;23767;8316;NA
2018;16814108168;12356004694;1799567408;214831311;"Ministério da Justiça";429;23692;7839;NA
2019;18546428199;12999760782;2748115868;375246720;"Ministério da Justiça";429;23802;7355;NA
2020;19281885360;14591430391;2985675016;1086689626;"Ministério da Justiça";429;25985;6452;NA
2000;753366100;485156504;63386795;7818980;"Ministério de Minas e Energia";436;1120;1030;1936
2001;1284219250;733318953;141609773;10606837;"Ministério de Minas e Energia";436;1136;1000;1902
2002;3013377442;1692544345;237917965;12476761;"Ministério de Minas e Energia";436;1342;929;2104
2003;2907750529;1316499572;134712642;10457923;"Ministério de Minas e Energia";436;1258;928;2022
2004;3045794020;601780800;66374714;34837501;"Ministério de Minas e Energia";436;1255;930;2028
2005;4491759944;771721977;40411468;13133413;"Ministério de Minas e Energia";436;1502;1004;2351
2006;4353893635;683390152;34915278;14497245;"Ministério de Minas e Energia";436;1758;1066;2678
2007;5488880956;799620574;49986107;15323853;"Ministério de Minas e Energia";436;1733;1065;2645
2008;6291880844;1009428969;62547581;12116672;"Ministério de Minas e Energia";436;2029;1081;2957
2009;7327283033;1109764189;68885134;20661140;"Ministério de Minas e Energia";436;2154;1263;3257
2010;7377248706;1150165321;113840076;18160784;"Ministério de Minas e Energia";436;2391;1312;3353
2011;8162054183;1316554641;184523061;15345408;"Ministério de Minas e Energia";436;2536;1728;3596
2012;8205096332;1354471932;168652198;25378631;"Ministério de Minas e Energia";436;2449;1858;3385
2013;11078925356;1533538318;214968724;33988706;"Ministério de Minas e Energia";436;2548;1830;3418
2014;5010696034;1617630990;148296897;17412151;"Ministério de Minas e Energia";436;2575;1795;4202
2015;4532093237;2387437599;141187688;15330485;"Ministério de Minas e Energia";436;2565;1786;4196
2016;8321866339;5426842788;100611047;33209922;"Ministério de Minas e Energia";436;2496;1747;4101
2017;4001715662;2705513818;69935550;6887364;"Ministério de Minas e Energia";436;2489;1690;NA
2018;15461092392;7517143198;101741924;18571172;"Ministério de Minas e Energia";436;2418;1641;NA
2019;43623193759;38232590440;179358994;34086238;"Ministério de Minas e Energia";436;2425;1525;NA
2020;7978833355;4819454138;121624950;37204409;"Ministério de Minas e Energia";436;2403;1461;NA
2000;75552882847;74270255428;93046373;39712198;"Ministério da Previdência Social";431;434;673;40664
2001;86777469658;85754729000;175750318;23655361;"Ministério da Previdência Social";431;481;626;40121
2002;1e+18;98867996096;157917037;13869137;"Ministério da Previdência Social";431;503;565;39523
2003;1,16e+17;1,13e+18;57218489;4615762;"Ministério da Previdência Social";431;493;551;40254
2004;1,34e+18;1,32e+18;41050725;8087499;"Ministério da Previdência Social";431;953;733;40660
2005;1,55e+18;1,53e+17;100906731;5770782;"Ministério da Previdência Social";431;1785;1063;42202
2006;1,75e+18;1,74e+18;208164288;21901750;"Ministério da Previdência Social";431;1845;1081;43782
2007;1,93e+18;1,92e+18;131250000;12685811;"Ministério da Previdência Social";431;797;616;39771
2008;2,12e+18;1,94e+18;172228238;22559044;"Ministério da Previdência Social";431;829;604;39983
2009;2,41e+18;2,24e+18;781788118;22747000;"Ministério da Previdência Social";431;820;592;39006
2010;2,68e+18;2,54e+18;186468950;35263914;"Ministério da Previdência Social";431;762;679;39557
2011;2,96e+18;2,81e+18;157984976;15794769;"Ministério da Previdência Social";431;811;668;38239
2012;3,32e+18;3,16e+18;329972988;40663309;"Ministério da Previdência Social";431;822;637;38906
2013;3,72e+18;3,56e+18;217920119;19731634;"Ministério da Previdência Social";431;741;598;40285
2014;4,16e+18;3,92e+18;148575538;76750933;"Ministério da Previdência Social";431;730;566;39205
2015;4,55e+18;4,28e+18;43218871;12957771;"Ministério da Previdência Social";431;757;533;37924
2016;0;0;0;0;"Ministério da Previdência Social";431;727;516;36709
2017;NA;NA;NA;NA;"Ministério da Previdência Social";431;NA;NA;NA
2018;NA;NA;NA;NA;"Ministério da Previdência Social";431;NA;NA;NA
2019;NA;NA;NA;NA;"Ministério da Previdência Social";431;NA;NA;NA
2020;NA;NA;NA;NA;"Ministério da Previdência Social";431;NA;NA;NA
2000;814814123;830179797;16759729;10825246;"Ministério das Relações Exteriores";435;1968;1162;2993
2001;1007040716;1003157126;17264894;10309121;"Ministério das Relações Exteriores";435;2044;1034;2943
2002;1278837222;1426925908;12605000;15632209;"Ministério das Relações Exteriores";435;2082;1049;2998
2003;1333866967;1252837526;12776090;8734581;"Ministério das Relações Exteriores";435;2038;1010;2917
2004;1853305765;1370666711;39665186;27616551;"Ministério das Relações Exteriores";435;2114;982;2962
2005;1842500688;1525761381;68151689;62921888;"Ministério das Relações Exteriores";435;2303;1014;3173
2006;1642401788;1501281648;39506376;21944256;"Ministério das Relações Exteriores";435;2349;994;3214
2007;1966881218;1620953822;27159236;21832925;"Ministério das Relações Exteriores";435;2479;965;3335
2008;1889502508;2049145090;38569180;40606430;"Ministério das Relações Exteriores";435;2585;986;3467
2009;2096962945;1735373197;54415987;41182360;"Ministério das Relações Exteriores";435;2766;962;3619
2010;2454875566;2089697232;8,1e+09;36474174;"Ministério das Relações Exteriores";435;2856;940;3727
2011;2520589665;2155615828;60315000;28705204;"Ministério das Relações Exteriores";435;2842;902;3670
2012;2649969128;2484578709;102461500;43604419;"Ministério das Relações Exteriores";435;2831;869;3619
2013;2619444587;2494945961;33944500;16648753;"Ministério das Relações Exteriores";435;2785;832;3528
2014;2680771277;2669999494;32121266;26471477;"Ministério das Relações Exteriores";435;2770;799;3451
2015;3375592276;3397099674;69494042;18588495;"Ministério das Relações Exteriores";435;2707;752;3353
2016;3558524635;2974176983;52934401;20156945;"Ministério das Relações Exteriores";435;2697;718;3321
2017;3196688847;3110151196;47700711;23406368;"Ministério das Relações Exteriores";435;2696;663;NA
2018;3678850884;3481107440;76910125;45765601;"Ministério das Relações Exteriores";435;2685;635;NA
2019;3994449554;3586822883;67467000;39596758;"Ministério das Relações Exteriores";435;2620;553;NA
2020;4529619252;4173880035;24934124;12964497;"Ministério das Relações Exteriores";435;2644;530;NA
2000;23544545044;20840655477;1686298951;202780679;"Ministério da Saúde";432;38767;71394;102480
2001;27211001298;23235189033;2961380874;381356013;"Ministério da Saúde";432;42658;65630;104948
2002;29925612516;26027957018;2418924125;476853178;"Ministério da Saúde";432;43228;62687;103634
2003;31173255487;28219878370;1427164743;173163772;"Ministério da Saúde";432;41529;65395;105238
2004;38216590428;33652264131;2496791961;574587368;"Ministério da Saúde";432;40852;63902;103483
2005;42931340522;36845040043;2589449989;265718665;"Ministério da Saúde";432;42786;64416;106079
2006;46180558742;39949908860;3316729809;431530233;"Ministério da Saúde";432;45402;64493;109107
2007;52992319275;43839983401;4714740331;208289099;"Ministério da Saúde";432;44533;62504;106259
2008;56736426612;48421304530;3940089746;278106508;"Ministério da Saúde";432;44221;62176;105621
2009;64328379880;54319012576;4263054204;353684527;"Ministério da Saúde";432;43964;62304;105456
2010;69790948315;60924192394;4580980079;667007566;"Ministério da Saúde";432;43687;59788;102865
2011;80873978125;70101574690;5752205868;730674040;"Ministério da Saúde";432;43259;57253;99962
2012;95903835874;78272325636;12142587347;1310363864;"Ministério da Saúde";432;43140;55188;97798
2013;1,01e+18;83825836820;9382218737;1246894919;"Ministério da Saúde";432;45193;52957;97632
2014;1,08e+18;94107630692;9444750766;1481059029;"Ministério da Saúde";432;48989;51674;99751
2015;1,21e+18;1,02e+18;10286884924;1125731606;"Ministério da Saúde";432;51751;49710;100806
2016;1,21e+18;1,09e+18;6769116206;2023832202;"Ministério da Saúde";432;54767;48173;102314
2017;1,3e+18;1,12e+18;8216962892;922360567;"Ministério da Saúde";432;57971;45796;NA
2018;1,32e+18;1,17e+16;5416571103;1975694305;"Ministério da Saúde";432;58374;43337;NA
2019;1,38e+18;1,24e+18;4506624961;1179557218;"Ministério da Saúde";432;62266;36770;NA
2020;1,98e+18;1,6e+18;6160946348;3212149464;"Ministério da Saúde";432;63639;33281;NA
2000;NA;NA;NA;NA;"Controladoria Geral da União";176;NA;NA;NA
2001;NA;NA;NA;NA;"Controladoria Geral da União";176;NA;NA;NA
2002;NA;NA;NA;NA;"Controladoria Geral da União";176;NA;NA;NA
2003;NA;NA;NA;NA;"Controladoria Geral da União";176;NA;NA;NA
2004;NA;NA;NA;NA;"Controladoria Geral da União";176;NA;NA;NA
2005;NA;NA;NA;NA;"Controladoria Geral da União";176;NA;NA;NA
2006;NA;NA;NA;NA;"Controladoria Geral da União";176;NA;NA;NA
2007;NA;NA;NA;NA;"Controladoria Geral da União";176;NA;NA;NA
2008;NA;NA;NA;NA;"Controladoria Geral da União";176;NA;NA;NA
2009;NA;NA;NA;NA;"Controladoria Geral da União";176;NA;NA;NA
2010;NA;NA;NA;NA;"Controladoria Geral da União";176;NA;NA;NA
2011;NA;NA;NA;NA;"Controladoria Geral da União";176;NA;NA;NA
2012;NA;NA;NA;NA;"Controladoria Geral da União";176;NA;NA;NA
2013;NA;NA;NA;NA;"Controladoria Geral da União";176;NA;NA;NA
2014;NA;NA;NA;NA;"Controladoria Geral da União";176;NA;NA;NA
2015;NA;NA;NA;NA;"Controladoria Geral da União";176;NA;NA;NA
2016;NA;NA;NA;NA;"Controladoria Geral da União";176;NA;NA;NA
2017;1023771647;966258197;11084782;2966852;"Controladoria Geral da União";176;2084;267;NA
2018;1082654205;954904898;14000725;5253477;"Controladoria Geral da União";176;2061;240;NA
2019;1142790180;1006400325;21167516;4180395;"Controladoria Geral da União";176;2037;217;NA
2020;1149166257;1034224350;19709525;3346831;"Controladoria Geral da União";176;2017;216;NA
2000;10425294687;9677040852;63600505;27296973;"Ministério do Trabalho e Emprego";445;4378;3260;7787
2001;11817490854;11410656277;109026126;47402816;"Ministério do Trabalho e Emprego";445;4548;3002;7699
2002;15410471635;14713713280;88380760;42492386;"Ministério do Trabalho e Emprego";445;4670;2837;7671
2003;21698290775;17076014075;31271876;13927036;"Ministério do Trabalho e Emprego";445;4317;2753;7221
2004;28464803113;19118394606;45209426;18265430;"Ministério do Trabalho e Emprego";445;4435;2671;7268
2005;31530616493;22890632655;34799277;18748088;"Ministério do Trabalho e Emprego";445;4442;2596;7195
2006;35028110031;27145549138;29947846;18991330;"Ministério do Trabalho e Emprego";445;4373;2517;7044
2007;36323164763;29695101004;50985893;29814737;"Ministério do Trabalho e Emprego";445;4671;2435;7270
2008;40876974466;34056365114;98032749;19103554;"Ministério do Trabalho e Emprego";445;4637;2308;7091
2009;46253005761;41470991646;67315196;9660980;"Ministério do Trabalho e Emprego";445;5401;3291;8837
2010;47649711625;46004302616;53687466;6560422;"Ministério do Trabalho e Emprego";445;5516;3257;8975
2011;55738243295;53308332356;92221614;11427921;"Ministério do Trabalho e Emprego";445;5549;3170;8924
2012;67690195669;57896420816;116716835;10740947;"Ministério do Trabalho e Emprego";445;5403;3017;8650
2013;70629978975;64786547212;97529095;5348359;"Ministério do Trabalho e Emprego";445;5239;2882;8333
2014;77070781638;70651940769;114044149;11302427;"Ministério do Trabalho e Emprego";445;5260;2942;8338
2015;86683256512;82031906077;146429031;9547003;"Ministério do Trabalho e Emprego";445;5002;2810;7971
2016;0;0;0;0;"Ministério do Trabalho e Emprego";445;4925;2695;7762
2017;NA;NA;NA;NA;"Ministério do Trabalho e Emprego";445;4693;2584;NA
2018;NA;NA;NA;NA;"Ministério do Trabalho e Emprego";445;4521;2418;NA
2019;NA;NA;NA;NA;"Ministério do Trabalho e Emprego";445;NA;NA;NA
2020;NA;NA;NA;NA;"Ministério do Trabalho e Emprego";445;NA;NA;NA
2000;8135633921;3643141445;4293262799;1473053487;"Ministério da Infra-Estrutura";700;1745;3269;NA
2001;8066401025;4771052265;4152580690;1552166178;"Ministério da Infra-Estrutura";700;1933;3036;NA
2002;10880189948;5573962719;3927069779;943660566;"Ministério da Infra-Estrutura";700;2286;2790;NA
2003;11546308895;3359051408;3091957985;370670727;"Ministério da Infra-Estrutura";700;1974;2050;NA
2004;9978646230;3710965983;3603381574;1041056729;"Ministério da Infra-Estrutura";700;2006;2500;NA
2005;10197955383;4804367739;6565282216;2065904152;"Ministério da Infra-Estrutura";700;2128;2713;NA
2006;9652097975;4836135784;6198310066;2040196730;"Ministério da Infra-Estrutura";700;2866;3047;NA
2007;14368792580;6333000189;10878169185;3372103129;"Ministério da Infra-Estrutura";700;3393;3203;NA
2008;15119964134;4982875467;10977034474;2075908149;"Ministério da Infra-Estrutura";700;3723;3054;NA
2009;16691039013;7725403120;12558970312;4307124102;"Ministério da Infra-Estrutura";700;4019;3472;NA
2010;21249921408;10394067077;16274300187;6676753957;"Ministério da Infra-Estrutura";700;4457;3753;NA
2011;22321856817;10353591784;17116207955;6079396610;"Ministério da Infra-Estrutura";700;4491;3676;NA
2012;28348000890;9169820724;23163081844;4723282806;"Ministério da Infra-Estrutura";700;4328;3619;NA
2013;21124197377;9079670547;15181987707;4369416370;"Ministério da Infra-Estrutura";700;4839;3816;NA
2014;21730763598;9998181329;16305813264;5225165065;"Ministério da Infra-Estrutura";700;4830;3658;NA
2015;19083215035;7122987870;12917391607;1968974729;"Ministério da Infra-Estrutura";700;4847;3562;NA
2016;13977448475;8909163446;8167761981;3557165552;"Ministério da Infra-Estrutura";700;4779;3433;NA
2017;26124487611;14657779043;10003831064;5562804953;"Ministério da Infra-Estrutura";700;4961;3424;NA
2018;20035633212;12249926243;8428047373;5344537698;"Ministério da Infra-Estrutura";700;4885;3338;NA
2019;21114197720;11952260695;7702299595;4773912572;"Ministério da Infra-Estrutura";700;4615;2888;NA
2020;22590072422;10559612835;8450015694;5133576388;"Ministério da Infra-Estrutura";700;4585;2787;NA
2000;NA;NA;NA;NA;"Ministério do Trabalho e Emprego";445;4378;3260;7787
2001;NA;NA;NA;NA;"Ministério do Trabalho e Emprego";445;4548;3002;7699
2002;NA;NA;NA;NA;"Ministério do Trabalho e Emprego";445;4670;2837;7671
2003;NA;NA;NA;NA;"Ministério do Trabalho e Emprego";445;4317;2753;7221
2004;NA;NA;NA;NA;"Ministério do Trabalho e Emprego";445;4435;2671;7268
2005;NA;NA;NA;NA;"Ministério do Trabalho e Emprego";445;4442;2596;7195
2006;NA;NA;NA;NA;"Ministério do Trabalho e Emprego";445;4373;2517;7044
2007;NA;NA;NA;NA;"Ministério do Trabalho e Emprego";445;4671;2435;7270
2008;NA;NA;NA;NA;"Ministério do Trabalho e Emprego";445;4637;2308;7091
2009;NA;NA;NA;NA;"Ministério do Trabalho e Emprego";445;5401;3291;8837
2010;NA;NA;NA;NA;"Ministério do Trabalho e Emprego";445;5516;3257;8975
2011;NA;NA;NA;NA;"Ministério do Trabalho e Emprego";445;5549;3170;8924
2012;NA;NA;NA;NA;"Ministério do Trabalho e Emprego";445;5403;3017;8650
2013;NA;NA;NA;NA;"Ministério do Trabalho e Emprego";445;5239;2882;8333
2014;NA;NA;NA;NA;"Ministério do Trabalho e Emprego";445;5260;2942;8338
2015;NA;NA;NA;NA;"Ministério do Trabalho e Emprego";445;5002;2810;7971
2016;6,09e+18;5,89e+18;140982714;28438938;"Ministério do Trabalho e Emprego";445;4925;2695;7762
2017;86446117261;77888666875;94782384;27460249;"Ministério do Trabalho e Emprego";445;4693;2584;NA
2018;84001509692;78475811483;55202550;6526485;"Ministério do Trabalho e Emprego";445;4521;2418;NA
2019;NA;NA;NA;NA;"Ministério do Trabalho e Emprego";445;NA;NA;NA
2020;NA;NA;NA;NA;"Ministério do Trabalho e Emprego";445;NA;NA;NA
2000;870019447;643166115;82832731;7352169;"Ministério das Comunicações";434;256;469;1525
2001;2331369733;764813228;1008090784;18072661;"Ministério das Comunicações";434;259;410;1644
2002;2843773141;918412671;823304266;31431723;"Ministério das Comunicações";434;246;325;1761
2003;2038887405;958070891;55156044;10274925;"Ministério das Comunicações";434;223;305;1685
2004;2203222250;972796577;62900855;13451725;"Ministério das Comunicações";434;227;299;1604
2005;3661098976;1013807642;150681968;12477180;"Ministério das Comunicações";434;239;289;2000
2006;4039328645;1052371635;120311424;9212454;"Ministério das Comunicações";434;301;317;2009
2007;4900245467;1149094411;175565323;9775204;"Ministério das Comunicações";434;297;310;2048
2008;5007170343;1149047166;38384381;1021983;"Ministério das Comunicações";434;299;311;1971
2009;6546283358;1275710269;114151836;2000338;"Ministério das Comunicações";434;356;304;2156
2010;3404772540;1412985938;92359270;5267787;"Ministério das Comunicações";434;470;329;2348
2011;4532969945;1580117262;122521956;18173086;"Ministério das Comunicações";434;497;497;2383
2012;5659737846;1485940033;185972583;4401341;"Ministério das Comunicações";434;473;515;2271
2013;5338799923;1630145807;156269148;8332746;"Ministério das Comunicações";434;525;516;2299
2014;13099967863;1898721950;129127111;4295259;"Ministério das Comunicações";434;512;505;2404
2015;11203057174;1942289092;81113931;1705344;"Ministério das Comunicações";434;503;485;2440
2016;6642511995;2329753568;40824850;4860644;"Ministério das Comunicações";434;NA;NA;NA
2017;NA;NA;NA;NA;"Ministério das Comunicações";434;NA;NA;NA
2018;NA;NA;NA;NA;"Ministério das Comunicações";434;NA;NA;NA
2019;NA;NA;NA;NA;"Ministério das Comunicações";434;NA;NA;NA
2020;NA;NA;NA;NA;"Ministério das Comunicações";434;NA;NA;NA
2000;325449005;225411232;65698096;26804478;"Ministério da Cultura";423;145;214;2539
2001;365588537;238860722;68421060;20243158;"Ministério da Cultura";423;150;208;2508
2002;415231962;245792772;100678078;12314840;"Ministério da Cultura";423;151;187;2477
2003;397424726;227507371;81905305;5829673;"Ministério da Cultura";423;158;219;2391
2004;523658926;308432352;97761116;12665068;"Ministério da Cultura";423;252;254;2589
2005;670823593;403276986;129199915;37777160;"Ministério da Cultura";423;258;254;2591
2006;787585683;474095701;147996602;28874049;"Ministério da Cultura";423;281;250;2960
2007;1077744578;497484984;271167573;27379005;"Ministério da Cultura";423;292;255;2976
2008;1334519461;631120034;263106067;23449591;"Ministério da Cultura";423;299;243;2946
2009;1389828988;795719115;206370091;21735531;"Ministério da Cultura";423;366;302;3157
2010;2292155141;920332559;436228889;49887586;"Ministério da Cultura";423;473;379;3774
2011;2168483220;759486890;516823037;20926487;"Ministério da Cultura";423;479;376;3724
2012;3025690190;988126694;898416372;85102047;"Ministério da Cultura";423;492;355;3612
2013;3387770611;1009012354;1078491053;108049706;"Ministério da Cultura";423;634;353;3775
2014;3327434400;1054817413;510507202;30968628;"Ministério da Cultura";423;654;373;3851
2015;3364096163;1014871065;380554371;37790855;"Ministério da Cultura";423;641;338;3832
2016;2587463803;1114839004;204649996;68894971;"Ministério da Cultura";423;537;263;3536
2017;2647913077;1200838601;234113246;82911059;"Ministério da Cultura";423;552;250;NA
2018;2618581906;1167182603;217984471;100595011;"Ministério da Cultura";423;524;231;NA
2019;NA;NA;NA;NA;"Ministério da Cultura";423;NA;NA;NA
2020;NA;NA;NA;NA;"Ministério da Cultura";423;NA;NA;NA
2000;893418000;575009695;200919070;83366815;"Ministério do Meio Ambiente";442;2231;3608;5644
2000;893418000;575009695;200919070;83366815;"Ministério do Meio Ambiente";442;2231;3608;4795
2001;1248137268;793321523;264155268;110481659;"Ministério do Meio Ambiente";442;2491;3967;6409
2001;1248137268;793321523;264155268;110481659;"Ministério do Meio Ambiente";442;2491;3967;4724
2002;1661617646;798574845;530058917;55928205;"Ministério do Meio Ambiente";442;3128;4024;7115
2002;1661617646;798574845;530058917;55928205;"Ministério do Meio Ambiente";442;3128;4024;4882
2003;1503793146;791445235;258749636;17395264;"Ministério do Meio Ambiente";442;3202;4112;7242
2003;1503793146;791445235;258749636;17395264;"Ministério do Meio Ambiente";442;3202;4112;3878
2004;1774172534;971265513;120212143;21395313;"Ministério do Meio Ambiente";442;3823;4099;7894
2004;1774172534;971265513;120212143;21395313;"Ministério do Meio Ambiente";442;3823;4099;4348
2005;2244690389;1040612166;134254503;21903205;"Ministério do Meio Ambiente";442;4307;3759;8013
2005;2244690389;1040612166;134254503;21903205;"Ministério do Meio Ambiente";442;4307;3759;4651
2006;2391458395;1205785912;122747390;37633998;"Ministério do Meio Ambiente";442;4274;4193;8469
2006;2391458395;1205785912;122747390;37633998;"Ministério do Meio Ambiente";442;4274;4193;5337
2007;2799755678;1370670707;93423114;15986107;"Ministério do Meio Ambiente";442;4501;4038;8559
2007;2799755678;1370670707;93423114;15986107;"Ministério do Meio Ambiente";442;4501;4038;5454
2008;3158687104;1426282601;158143602;14591289;"Ministério do Meio Ambiente";442;4554;4972;9511
2008;3158687104;1426282601;158143602;14591289;"Ministério do Meio Ambiente";442;4554;4972;5254
2009;3523290327;1553352760;101423436;7011717;"Ministério do Meio Ambiente";442;5088;4417;9481
2009;3523290327;1553352760;101423436;7011717;"Ministério do Meio Ambiente";442;5088;4417;5895
2010;3871481051;1818082901;94190949;15512377;"Ministério do Meio Ambiente";442;5040;4661;9973
2010;3871481051;1818082901;94190949;15512377;"Ministério do Meio Ambiente";442;5040;4661;6140
2011;3703330787;2049169869;165186411;24169000;"Ministério do Meio Ambiente";442;4883;4212;9357
2011;3703330787;2049169869;165186411;24169000;"Ministério do Meio Ambiente";442;4883;4212;6136
2012;3877384466;2023898810;262647759;12102800;"Ministério do Meio Ambiente";442;4805;3771;8865
2012;3877384466;2023898810;262647759;12102800;"Ministério do Meio Ambiente";442;4805;3771;6002
2013;4695275887;2252969280;196461868;26149758;"Ministério do Meio Ambiente";442;4930;3698;8884
2013;4695275887;2252969280;196461868;26149758;"Ministério do Meio Ambiente";442;4930;3698;6264
2014;3316215388;2410630337;201593570;23653869;"Ministério do Meio Ambiente";442;4975;3835;8914
2014;3316215388;2410630337;201593570;23653869;"Ministério do Meio Ambiente";442;4975;3835;6434
2015;3331061237;2484340581;162166571;14166576;"Ministério do Meio Ambiente";442;4803;3717;8639
2015;3331061237;2484340581;162166571;14166576;"Ministério do Meio Ambiente";442;4803;3717;6251
2016;3137805790;2619154559;108486248;4031045;"Ministério do Meio Ambiente";442;4854;2705;7709
2016;3137805790;2619154559;108486248;4031045;"Ministério do Meio Ambiente";442;4854;2705;6037
2017;3926652505;3009084787;197389726;27944609;"Ministério do Meio Ambiente";442;4816;2219;NA
2018;3379813136;2564001689;102085005;28200928;"Ministério do Meio Ambiente";442;4698;2403;NA
2019;3626450439;2392841139;151358006;9890475;"Ministério do Meio Ambiente";442;4258;2010;NA
2020;2963154740;2163255380;72037340;2599567;"Ministério do Meio Ambiente";442;4240;2936;NA
2000;1655914296;1381872941;45789647;22107179;"Ministério do Planejamento, Orçamento e Gestão";444;1;1;13868
2000;1655914296;1381872941;45789647;22107179;"Ministério do Planejamento, Orçamento e Gestão";444;2592;2820;13868
2001;1508194331;1323412640;21186379;11718862;"Ministério do Planejamento, Orçamento e Gestão";444;1;NA;13783
2001;1508194331;1323412640;21186379;11718862;"Ministério do Planejamento, Orçamento e Gestão";444;2717;2636;13783
2002;1720718879;1463444409;15470199;1903931;"Ministério do Planejamento, Orçamento e Gestão";444;NA;1;14079
2002;1720718879;1463444409;15470199;1903931;"Ministério do Planejamento, Orçamento e Gestão";444;2754;2343;14079
2003;1770568831;1565103346;10892509;2323477;"Ministério do Planejamento, Orçamento e Gestão";444;2761;2883;14259
2004;2316850948;1518679145;26623751;6300374;"Ministério do Planejamento, Orçamento e Gestão";444;2624;2176;12932
2005;2199280761;1673580402;30826785;2453189;"Ministério do Planejamento, Orçamento e Gestão";444;2601;2096;14550
2006;2630416403;2153518142;177777378;16319680;"Ministério do Planejamento, Orçamento e Gestão";444;2909;2051;16235
2007;4682381607;3009740350;55300662;7503950;"Ministério do Planejamento, Orçamento e Gestão";444;2999;2012;16453
2008;4106095291;2623121584;53647066;3484045;"Ministério do Planejamento, Orçamento e Gestão";444;3032;1972;18076
2009;4723132378;3205811067;132995992;21734565;"Ministério do Planejamento, Orçamento e Gestão";444;3322;1980;15538
2010;5947054781;4640162840;120619370;65560886;"Ministério do Planejamento, Orçamento e Gestão";444;4012;2041;14002
2011;5037006047;3726350719;42470049;2734854;"Ministério do Planejamento, Orçamento e Gestão";444;4197;1862;13900
2012;6939190536;3944257702;1819083288;4292967;"Ministério do Planejamento, Orçamento e Gestão";444;4733;1785;14490
2013;7858043093;4656202950;252976510;45849851;"Ministério do Planejamento, Orçamento e Gestão";444;4682;1677;14369
2014;6319790482;4572349977;193652315;5298456;"Ministério do Planejamento, Orçamento e Gestão";444;4667;1588;16582
2015;5545657045;4795297373;48337410;6949448;"Ministério do Planejamento, Orçamento e Gestão";444;4577;1793;28056
2016;6210137332;5312055898;118366566;10786472;"Ministério do Planejamento, Orçamento e Gestão";444;4782;1669;28803
2017;7335093981;6052159378;135840879;58789158;"Ministério do Planejamento, Orçamento e Gestão";444;4805;1556;NA
2018;7736455726;5796060044;88416297;20685038;"Ministério do Planejamento, Orçamento e Gestão";444;4741;1488;NA
2019;0;253;NA;NA;"Ministério do Planejamento, Orçamento e Gestão";444;NA;NA;NA
2020;NA;NA;NA;NA;"Ministério do Planejamento, Orçamento e Gestão";444;NA;NA;NA
2000;1848231746;1029138002;274640901;77119519;"Ministério do Desenvolvimento Agrário";437;70;56;5713
2001;2002849043;1219580909;382192200;47396295;"Ministério do Desenvolvimento Agrário";437;95;65;5703
2002;2227903495;1434005467;392940946;66334532;"Ministério do Desenvolvimento Agrário";437;91;67;5663
2003;2305761190;1358452786;256995710;40435644;"Ministério do Desenvolvimento Agrário";437;73;88;5243
2004;2530290966;1877146775;384938379;117139459;"Ministério do Desenvolvimento Agrário";437;126;122;5567
2005;3308360050;2568927328;464731747;206227422;"Ministério do Desenvolvimento Agrário";437;144;142;5670
2006;3740880866;2782915072;638743899;244499174;"Ministério do Desenvolvimento Agrário";437;150;154;6538
2007;4122113346;2943106587;768333722;246413018;"Ministério do Desenvolvimento Agrário";437;154;153;6576
2008;4725002030;2289154879;786350942;118509712;"Ministério do Desenvolvimento Agrário";437;168;138;6709
2009;4619805477;2493379271;906942273;102678352;"Ministério do Desenvolvimento Agrário";437;303;162;6706
2010;5108776117;2631327230;1003952768;102081441;"Ministério do Desenvolvimento Agrário";437;314;174;6539
2011;4811194438;2496148151;1070673307;81569526;"Ministério do Desenvolvimento Agrário";437;298;155;6295
2012;6988642631;2426774778;2439056936;65526631;"Ministério do Desenvolvimento Agrário";437;313;158;6089
2013;9655532511;3443023293;4437302953;436954313;"Ministério do Desenvolvimento Agrário";437;361;162;6222
2014;5622126874;3051469168;782867867;54475761;"Ministério do Desenvolvimento Agrário";437;442;182;5946
2015;6118401247;2967991783;1091378072;14967701;"Ministério do Desenvolvimento Agrário";437;467;157;5641
2016;4096221902;3130297046;370546401;81911930;"Ministério do Desenvolvimento Agrário";437;365;109;5266
2017;0;0;NA;NA;"Ministério do Desenvolvimento Agrário";437;NA;NA;NA
2018;NA;NA;NA;NA;"Ministério do Desenvolvimento Agrário";437;NA;NA;NA
2019;NA;NA;NA;NA;"Ministério do Desenvolvimento Agrário";437;NA;NA;NA
2020;NA;NA;NA;NA;"Ministério do Desenvolvimento Agrário";437;NA;NA;NA
2000;515449597;230217891;326281112;88189346;"Ministério do Esporte";440;65;68;325
2001;833593457;225425787;559096669;56450263;"Ministério do Esporte";440;93;136;402
2002;767557239;251581886;503611827;72431609;"Ministério do Esporte";440;89;133;396
2003;380229032;65624292;252700940;20281048;"Ministério do Esporte";440;91;128;209
2004;384098327;147956896;249620286;46962794;"Ministério do Esporte";440;99;133;221
2005;685548543;110233453;463978719;11760052;"Ministério do Esporte";440;100;129;219
2006;1019433029;266516355;572903496;92034042;"Ministério do Esporte";440;100;125;215
2007;1576050262;754739742;707895494;173017277;"Ministério do Esporte";440;125;118;233
2008;1407860822;204685444;892507913;10617856;"Ministério do Esporte";440;130;117;236
2009;1467016588;147294194;1031339136;4311502;"Ministério do Esporte";440;199;119;304
2010;2079264662;257918944;1284528739;9185223;"Ministério do Esporte";440;206;125;340
2011;2815895925;314043064;1591011912;18390182;"Ministério do Esporte";440;203;122;333
2012;3633223302;401961681;2165602531;15766292;"Ministério do Esporte";440;268;121;389
2013;4173961187;413457944;2836998989;38263601;"Ministério do Esporte";440;314;124;441
2014;3349128330;843573951;2290062356;418869468;"Ministério do Esporte";440;342;141;459
2015;3473526867;663037557;2578877661;260245934;"Ministério do Esporte";440;335;132;444
2016;1740685964;483241806;1023616523;205383427;"Ministério do Esporte";440;285;101;367
2017;1577127013;320000675;908835102;112498365;"Ministério do Esporte";440;183;75;NA
2018;1381518571;273389145;798545102;56739419;"Ministério do Esporte";440;186;64;NA
2019;NA;NA;NA;NA;"Ministério do Esporte";440;NA;NA;NA
2020;NA;NA;NA;NA;"Ministério do Esporte";440;NA;NA;NA
2000;21731141998;19642033993;1841407638;1230127230;"Ministério da Defesa";424;5665;25526;31004
2001;25485700435;23961184115;1930521338;1164584761;"Ministério da Defesa";424;8802;21184;29782
2002;29004079074;26930117850;2117374260;1042922260;"Ministério da Defesa";424;9376;20373;29608
2003;28824322889;25015916192;1469079037;474979765;"Ministério da Defesa";424;9223;19677;28710
2004;30817948169;27308310277;1641696396;851801221;"Ministério da Defesa";424;9827;19288;28899
2005;34994908939;30759497458;2004274677;909636686;"Ministério da Defesa";424;10076;19174;29002
2006;38406483176;34487207155;2304947417;1153997193;"Ministério da Defesa";424;9782;18489;28369
2007;41709137150;37765050922;3058961723;1397155304;"Ministério da Defesa";424;9356;17538;27518
2008;48044147513;40713280631;4114580754;2001958505;"Ministério da Defesa";424;9260;16991;27246
2009;55286016591;48007198108;7127069716;2930756623;"Ministério da Defesa";424;9704;16935;27702
2010;63371154424;55259374780;9939780964;5401018451;"Ministério da Defesa";424;9591;16193;27152
2011;64576589525;57224496113;7496740840;3805174710;"Ministério da Defesa";424;9398;15132;25783
2012;72438000180;59750154875;13928475730;5162740525;"Ministério da Defesa";424;8998;14152;22988
2013;74392376930;64095150332;9974969558;4248670467;"Ministério da Defesa";424;8759;13156;21735
2014;80961206895;70877260931;9764000107;4791982106;"Ministério da Defesa";424;8111;13266;21080
2015;87950435439;73843568577;11194605080;2468023908;"Ministério da Defesa";424;8145;12528;20384
2016;86435912282;79740762836;7313613463;4519726458;"Ministério da Defesa";424;7600;12115;19435
2017;94987261952;87625639492;8870095530;5884596238;"Ministério da Defesa";424;7295;11349;NA
2018;1,05e+18;91686035922;8539147252;6115234113;"Ministério da Defesa";424;7203;10538;NA
2019;1,15e+18;1,01e+17;8135320946;5544210205;"Ministério da Defesa";424;6536;9207;NA
2020;1,16e+18;1e+18;7726418312;5858564623;"Ministério da Defesa";424;6352;8403;NA
2000;5198575153;4015414327;1617168656;723910874;"Ministério das Cidades";433;998;2006;NA
2001;6956364492;4228380754;2254631909;579713142;"Ministério das Cidades";433;946;1712;NA
2002;7346670873;4381158689;2145081369;465302806;"Ministério das Cidades";433;1042;1677;NA
2003;7046859096;3961846351;1834117774;108619033;"Ministério das Cidades";433;142;65;207
2003;7046859096;3961846351;1834117774;108619033;"Ministério das Cidades";433;1000;1639;207
2004;6045737995;4732141200;1266527281;375637087;"Ministério das Cidades";433;186;94;280
2004;6045737995;4732141200;1266527281;375637087;"Ministério das Cidades";433;1288;1716;280
2005;7882293369;5253682420;2477019460;410030099;"Ministério das Cidades";433;199;121;320
2005;7882293369;5253682420;2477019460;410030099;"Ministério das Cidades";433;1249;1669;320
2006;7777893214;5460397251;1974230675;323263113;"Ministério das Cidades";433;302;132;430
2006;7777893214;5460397251;1974230675;323263113;"Ministério das Cidades";433;1301;1658;430
2007;10838557940;6216999628;4200408959;446998559;"Ministério das Cidades";433;288;136;418
2007;10838557940;6216999628;4200408959;446998559;"Ministério das Cidades";433;1356;1668;418
2008;13494942705;7878998890;5497814993;593054035;"Ministério das Cidades";433;347;124;460
2008;13494942705;7878998890;5497814993;593054035;"Ministério das Cidades";433;1421;1646;460
2009;14838806373;8628942889;5658201370;1331822946;"Ministério das Cidades";433;496;139;604
2009;14838806373;8628942889;5658201370;1331822946;"Ministério das Cidades";433;1479;1614;604
2010;9186117398;3911960278;7171064499;2289914286;"Ministério das Cidades";433;442;128;565
2010;9186117398;3911960278;7171064499;2289914286;"Ministério das Cidades";433;1691;1657;565
2011;7639556196;2375274867;5527806886;780030755;"Ministério das Cidades";433;424;118;542
2011;7639556196;2375274867;5527806886;780030755;"Ministério das Cidades";433;1675;1603;542
2012;12494846403;3596446683;9261998068;1348124053;"Ministério das Cidades";433;309;103;519
2012;12494846403;3596446683;9261998068;1348124053;"Ministério das Cidades";433;1614;1548;519
2013;12305953802;4988364194;7368349347;1932090230;"Ministério das Cidades";433;292;96;496
2013;12305953802;4988364194;7368349347;1932090230;"Ministério das Cidades";433;1712;1488;496
2014;11225483616;4446702365;7506030069;1747999598;"Ministério das Cidades";433;344;135;437
2014;11225483616;4446702365;7506030069;1747999598;"Ministério das Cidades";433;1776;1458;437
2015;9038678914;3479024827;5911675354;1139206856;"Ministério das Cidades";433;344;131;432
2015;9038678914;3479024827;5911675354;1139206856;"Ministério das Cidades";433;1726;1384;432
2016;7803631742;3875131166;5121455551;1562317122;"Ministério das Cidades";433;315;122;392
2016;7803631742;3875131166;5121455551;1562317122;"Ministério das Cidades";433;1683;1332;392
2017;8711941691;3795148205;5613582970;1183668718;"Ministério das Cidades";433;301;108;NA
2017;8711941691;3795148205;5613582970;1183668718;"Ministério das Cidades";433;1625;1257;NA
2018;7304284582;3538869037;4578079109;1348680335;"Ministério das Cidades";433;305;99;NA
2018;7304284582;3538869037;4578079109;1348680335;"Ministério das Cidades";433;1557;1179;NA
2019;18958684391;10691594811;9408593370;2139219093;"Ministério das Cidades";433;1707;1018;NA
2020;19501005933;9107596968;11886431604;2752398682;"Ministério das Cidades";433;1736;950;NA
2000;NA;NA;NA;NA;"Ministério do Turismo";446;1171;1322;NA
2001;NA;NA;NA;NA;"Ministério do Turismo";446;1275;1207;NA
2002;NA;NA;NA;NA;"Ministério do Turismo";446;1280;1153;NA
2003;377764313;87628267;216778500;6978410;"Ministério do Turismo";446;1280;1127;286
2004;508305851;252981788;252700498;87812215;"Ministério do Turismo";446;1385;1129;294
2005;1037087878;333079613;649807883;87964077;"Ministério do Turismo";446;1385;1113;271
2006;1702161649;682269820;1310069071;387978415;"Ministério do Turismo";446;1810;1122;357
2007;2102299225;600547529;1548598000;219698579;"Ministério do Turismo";446;1853;1081;366
2008;3026665318;546429168;2258686364;87236906;"Ministério do Turismo";446;1871;1056;388
2009;2949811567;557868582;2090875007;32398033;"Ministério do Turismo";446;2049;1030;464
2010;4224224349;640386030;3111162217;85101412;"Ministério do Turismo";446;2313;1039;444
2011;3728918622;250374880;2613914832;10548993;"Ministério do Turismo";446;2310;1041;502
2012;3495052294;295696609;2836289684;15754132;"Ministério do Turismo";446;2305;1006;554
2013;3641532245;272437681;3160667852;13919457;"Ministério do Turismo";446;2306;999;514
2014;1622486104;244981149;1195143609;18601689;"Ministério do Turismo";446;2493;946;503
2015;2067231552;195301597;1559138681;2853911;"Ministério do Turismo";446;2524;907;469
2016;1054310429;212831095;691445767;3877533;"Ministério do Turismo";446;2455;849;416
2017;986213262;205096946;671211594;16038631;"Ministério do Turismo";446;2415;824;NA
2018;1246779682;235243340;961791666;17890336;"Ministério do Turismo";446;2337;767;NA
2019;935617833;177042391;607554564;1938674;"Ministério do Turismo";446;2390;698;NA
2020;2176069758;646995357;868417269;22592925;"Ministério do Turismo";446;2703;864;NA
2000;NA;NA;NA;NA;"Ministério do Desenvolvimento Social e Combate à Fome";438;21;20;NA
2001;NA;NA;NA;NA;"Ministério do Desenvolvimento Social e Combate à Fome";438;20;14;NA
2002;NA;NA;NA;NA;"Ministério do Desenvolvimento Social e Combate à Fome";438;24;10;NA
2003;5743362676;5352895289;111591173;769403;"Ministério do Desenvolvimento Social e Combate à Fome";438;159;117;NA
2004;14336507580;13597714547;184612603;87399371;"Ministério do Desenvolvimento Social e Combate à Fome";438;255;170;383
2005;15997744394;15511819816;184526373;87350943;"Ministério do Desenvolvimento Social e Combate à Fome";438;261;158;381
2006;22597154985;21286274568;203600940;89468106;"Ministério do Desenvolvimento Social e Combate à Fome";438;375;189;522
2007;24864390988;24503304223;233460159;83403362;"Ministério do Desenvolvimento Social e Combate à Fome";438;434;205;594
2008;29123434885;28451367463;196542219;77039770;"Ministério do Desenvolvimento Social e Combate à Fome";438;466;211;632
2009;34330823091;32961325721;319573896;103142080;"Ministério do Desenvolvimento Social e Combate à Fome";438;524;196;661
2010;39738117581;38984810525;365917945;163712399;"Ministério do Desenvolvimento Social e Combate à Fome";438;625;223;869
2011;46311314202;45177098214;516782778;293878786;"Ministério do Desenvolvimento Social e Combate à Fome";438;603;222;835
2012;58053341582;53855204289;1468229485;374972333;"Ministério do Desenvolvimento Social e Combate à Fome";438;603;210;808
2013;65114037322;60300380622;1008141861;58001302;"Ministério do Desenvolvimento Social e Combate à Fome";438;830;195;1006
2014;71291877788;67177797342;806726374;208661896;"Ministério do Desenvolvimento Social e Combate à Fome";438;794;170;862
2015;75418639201;70065267417;422690964;22604510;"Ministério do Desenvolvimento Social e Combate à Fome";438;782;162;834
2016;81090014180;78590768606;258974908;101352515;"Ministério do Desenvolvimento Social e Combate à Fome";438;722;146;768
2017;6,63e+18;6,42e+18;300561973;25682818;"Ministério do Desenvolvimento Social e Combate à Fome";438;1040;302;NA
2018;6,96e+18;6,55e+18;477642533;158323010;"Ministério do Desenvolvimento Social e Combate à Fome";438;1063;290;NA
2019;1,02e+18;95369508509;1070427055;143396025;"Ministério do Desenvolvimento Social e Combate à Fome";438;1256;391;NA
2020;4,15e+18;3,79e+17;650378883;89741537;"Ministério do Desenvolvimento Social e Combate à Fome";438;818;191;NA
2000;NA;NA;NA;NA;"Ministério das Cidades";433;998;2006;NA
2001;NA;NA;NA;NA;"Ministério das Cidades";433;946;1712;NA
2002;NA;NA;NA;NA;"Ministério das Cidades";433;1042;1677;NA
2003;3202935590;1036238525;1930777706;161817093;"Ministério das Cidades";433;142;65;207
2003;3202935590;1036238525;1930777706;161817093;"Ministério das Cidades";433;1000;1639;207
2004;2970074595;1399373599;1496374193;434751917;"Ministério das Cidades";433;186;94;280
2004;2970074595;1399373599;1496374193;434751917;"Ministério das Cidades";433;1288;1716;280
2005;4497383091;1127891939;2725448065;154830876;"Ministério das Cidades";433;199;121;320
2005;4497383091;1127891939;2725448065;154830876;"Ministério das Cidades";433;1249;1669;320
2006;5103413785;1252860335;3324207681;202283747;"Ministério das Cidades";433;302;132;430
2006;5103413785;1252860335;3324207681;202283747;"Ministério das Cidades";433;1301;1658;430
2007;9101566191;1690340701;6797047086;154179514;"Ministério das Cidades";433;288;136;418
2007;9101566191;1690340701;6797047086;154179514;"Ministério das Cidades";433;1356;1668;418
2008;8728338285;1912206039;7403817721;1084430659;"Ministério das Cidades";433;347;124;460
2008;8728338285;1912206039;7403817721;1084430659;"Ministério das Cidades";433;1421;1646;460
2009;15314807771;4357269972;8682383290;1913670899;"Ministério das Cidades";433;496;139;604
2009;15314807771;4357269972;8682383290;1913670899;"Ministério das Cidades";433;1479;1614;604
2010;16200331984;2527020933;8013808801;1509713595;"Ministério das Cidades";433;442;128;565
2010;16200331984;2527020933;8013808801;1509713595;"Ministério das Cidades";433;1691;1657;565
2011;22252255913;2369272777;7637883953;749100246;"Ministério das Cidades";433;424;118;542
2011;22252255913;2369272777;7637883953;749100246;"Ministério das Cidades";433;1675;1603;542
2012;28548587382;4600112850;11742209781;1151816390;"Ministério das Cidades";433;309;103;519
2012;28548587382;4600112850;11742209781;1151816390;"Ministério das Cidades";433;1614;1548;519
2013;26771145488;8315935666;9895761730;639080382;"Ministério das Cidades";433;292;96;496
2013;26771145488;8315935666;9895761730;639080382;"Ministério das Cidades";433;1712;1488;496
2014;27178004786;13117350258;8256158955;837188636;"Ministério das Cidades";433;344;135;437
2014;27178004786;13117350258;8256158955;837188636;"Ministério das Cidades";433;1776;1458;437
2015;37258179368;17038693720;10194843072;332828405;"Ministério das Cidades";433;344;131;432
2015;37258179368;17038693720;10194843072;332828405;"Ministério das Cidades";433;1726;1384;432
2016;13123253217;8868522766;3579497479;684749904;"Ministério das Cidades";433;315;122;392
2016;13123253217;8868522766;3579497479;684749904;"Ministério das Cidades";433;1683;1332;392
2017;11224846110;6234180943;4770559112;1269041971;"Ministério das Cidades";433;301;108;NA
2017;11224846110;6234180943;4770559112;1269041971;"Ministério das Cidades";433;1625;1257;NA
2018;11235923147;6839792044;3814962805;797993254;"Ministério das Cidades";433;305;99;NA
2018;11235923147;6839792044;3814962805;797993254;"Ministério das Cidades";433;1557;1179;NA
2019;NA;NA;NA;NA;"Ministério das Cidades";433;1707;1018;NA
2020;NA;NA;NA;NA;"Ministério das Cidades";433;1736;950;NA
2000;NA;NA;NA;NA;"Ministério da Mulher, da Família e dos Direitos Humanos";750;NA;NA;NA
2001;NA;NA;NA;NA;"Ministério da Mulher, da Família e dos Direitos Humanos";750;NA;NA;NA
2002;NA;NA;NA;NA;"Ministério da Mulher, da Família e dos Direitos Humanos";750;NA;NA;NA
2003;NA;NA;NA;NA;"Ministério da Mulher, da Família e dos Direitos Humanos";750;NA;NA;NA
2004;NA;NA;NA;NA;"Ministério da Mulher, da Família e dos Direitos Humanos";750;NA;NA;NA
2005;NA;NA;NA;NA;"Ministério da Mulher, da Família e dos Direitos Humanos";750;NA;NA;NA
2006;NA;NA;NA;NA;"Ministério da Mulher, da Família e dos Direitos Humanos";750;NA;NA;NA
2007;NA;NA;NA;NA;"Ministério da Mulher, da Família e dos Direitos Humanos";750;NA;NA;NA
2008;NA;NA;NA;NA;"Ministério da Mulher, da Família e dos Direitos Humanos";750;NA;NA;NA
2009;NA;NA;NA;NA;"Ministério da Mulher, da Família e dos Direitos Humanos";750;NA;NA;NA
2010;NA;NA;NA;NA;"Ministério da Mulher, da Família e dos Direitos Humanos";750;NA;NA;NA
2011;NA;NA;NA;NA;"Ministério da Mulher, da Família e dos Direitos Humanos";750;NA;NA;NA
2012;NA;NA;NA;NA;"Ministério da Mulher, da Família e dos Direitos Humanos";750;NA;NA;NA
2013;NA;NA;NA;NA;"Ministério da Mulher, da Família e dos Direitos Humanos";750;NA;NA;NA
2014;NA;NA;NA;NA;"Ministério da Mulher, da Família e dos Direitos Humanos";750;NA;NA;NA
2015;NA;NA;NA;NA;"Ministério da Mulher, da Família e dos Direitos Humanos";750;NA;NA;NA
2016;451452712;190833241;82375998;2672976;"Ministério da Mulher, da Família e dos Direitos Humanos";750;NA;NA;NA
2017;NA;NA;NA;NA;"Ministério da Mulher, da Família e dos Direitos Humanos";750;177;56;NA
2018;NA;NA;NA;NA;"Ministério da Mulher, da Família e dos Direitos Humanos";750;306;102;NA
2019;NA;NA;NA;NA;"Ministério da Mulher, da Família e dos Direitos Humanos";750;378;81;NA
2020;NA;NA;NA;NA;"Ministério da Mulher, da Família e dos Direitos Humanos";750;392;73;NA
2000;NA;NA;NA;NA;"Ministério da Pesca e Aquicultura";430;NA;NA;NA
2001;NA;NA;NA;NA;"Ministério da Pesca e Aquicultura";430;NA;NA;NA
2002;NA;NA;NA;NA;"Ministério da Pesca e Aquicultura";430;NA;NA;NA
2003;NA;NA;NA;NA;"Ministério da Pesca e Aquicultura";430;NA;NA;NA
2004;NA;NA;NA;NA;"Ministério da Pesca e Aquicultura";430;NA;NA;NA
2005;NA;NA;NA;NA;"Ministério da Pesca e Aquicultura";430;NA;NA;NA
2006;NA;NA;NA;NA;"Ministério da Pesca e Aquicultura";430;NA;NA;NA
2007;NA;NA;NA;NA;"Ministério da Pesca e Aquicultura";430;NA;NA;NA
2008;NA;NA;NA;NA;"Ministério da Pesca e Aquicultura";430;NA;NA;NA
2009;36159028;0;36158028;0;"Ministério da Pesca e Aquicultura";430;NA;NA;NA
2010;773885765;171109400;421342081;53376213;"Ministério da Pesca e Aquicultura";430;372;224;605
2011;559749826;108093267;281669505;4301154;"Ministério da Pesca e Aquicultura";430;357;229;593
2012;344216968;108172287;137686019;9450821;"Ministério da Pesca e Aquicultura";430;366;227;594
2013;637355327;124455772;348563473;10047540;"Ministério da Pesca e Aquicultura";430;362;206;572
2014;431885901;124926390;191669164;4268501;"Ministério da Pesca e Aquicultura";430;345;191;531
2015;774623177;104017982;439111063;651129;"Ministério da Pesca e Aquicultura";430;254;122;371
2016;0;0;0;0;"Ministério da Pesca e Aquicultura";430;NA;NA;NA
2017;NA;NA;NA;NA;"Ministério da Pesca e Aquicultura";430;NA;NA;NA
2018;NA;NA;NA;NA;"Ministério da Pesca e Aquicultura";430;NA;NA;NA
2019;NA;NA;NA;NA;"Ministério da Pesca e Aquicultura";430;NA;NA;NA
2020;NA;NA;NA;NA;"Ministério da Pesca e Aquicultura";430;NA;NA;NA
2000;NA;NA;NA;NA;"Vice-Presidência da República";658;NA;NA;NA
2001;NA;NA;NA;NA;"Vice-Presidência da República";658;NA;NA;NA
2002;NA;NA;NA;NA;"Vice-Presidência da República";658;NA;NA;NA
2003;NA;NA;NA;NA;"Vice-Presidência da República";658;NA;NA;NA
2004;NA;NA;NA;NA;"Vice-Presidência da República";658;NA;NA;NA
2005;NA;NA;NA;NA;"Vice-Presidência da República";658;NA;NA;NA
2006;NA;NA;NA;NA;"Vice-Presidência da República";658;NA;NA;NA
2007;NA;NA;NA;NA;"Vice-Presidência da República";658;NA;NA;NA
2008;NA;NA;NA;NA;"Vice-Presidência da República";658;NA;NA;NA
2009;NA;NA;NA;NA;"Vice-Presidência da República";658;NA;NA;NA
2010;NA;NA;NA;NA;"Vice-Presidência da República";658;NA;NA;NA
2011;NA;NA;NA;NA;"Vice-Presidência da República";658;NA;NA;NA
2012;66667;0;66667;0;"Vice-Presidência da República";658;NA;NA;NA
2013;10289470;8125091;2e+07;87139;"Vice-Presidência da República";658;NA;NA;NA
2014;11010229;9030863;250000;187268;"Vice-Presidência da República";658;NA;NA;NA
2015;12315056;9963579;580000;86094;"Vice-Presidência da República";658;NA;NA;NA
2016;11168214;7326897;500260;3249;"Vice-Presidência da República";658;NA;NA;NA
2017;7013455;902506;168123;0;"Vice-Presidência da República";658;NA;NA;NA
2018;3660568;1220053;105621;0;"Vice-Presidência da República";658;NA;NA;NA
2019;19251155;14618158;785856;715817;"Vice-Presidência da República";658;NA;NA;NA
2020;16684566;12058768;1094250;407771;"Vice-Presidência da República";658;NA;NA;NA
2000;NA;NA;NA;NA;"Secretaria de Assuntos Estratégicos";551;NA;NA;NA
2001;NA;NA;NA;NA;"Secretaria de Assuntos Estratégicos";551;NA;NA;NA
2002;NA;NA;NA;NA;"Secretaria de Assuntos Estratégicos";551;NA;NA;NA
2003;NA;NA;NA;NA;"Secretaria de Assuntos Estratégicos";551;NA;NA;NA
2004;NA;NA;NA;NA;"Secretaria de Assuntos Estratégicos";551;NA;NA;NA
2005;NA;NA;NA;NA;"Secretaria de Assuntos Estratégicos";551;NA;NA;NA
2006;NA;NA;NA;NA;"Secretaria de Assuntos Estratégicos";551;NA;NA;NA
2007;NA;NA;NA;NA;"Secretaria de Assuntos Estratégicos";551;NA;NA;NA
2008;NA;NA;NA;NA;"Secretaria de Assuntos Estratégicos";551;NA;NA;NA
2009;NA;NA;NA;NA;"Secretaria de Assuntos Estratégicos";551;NA;NA;NA
2010;NA;NA;NA;NA;"Secretaria de Assuntos Estratégicos";551;NA;NA;NA
2011;NA;NA;NA;NA;"Secretaria de Assuntos Estratégicos";551;NA;NA;NA
2012;1579334;0;1579334;0;"Secretaria de Assuntos Estratégicos";551;NA;NA;NA
2013;357389882;318693096;4188000;759194;"Secretaria de Assuntos Estratégicos";551;NA;NA;NA
2014;354456906;325768107;5987000;362647;"Secretaria de Assuntos Estratégicos";551;NA;NA;NA
2015;359657989;329529483;2117941;543568;"Secretaria de Assuntos Estratégicos";551;NA;NA;NA
2016;0;0;0;0;"Secretaria de Assuntos Estratégicos";551;NA;NA;NA
2017;NA;NA;NA;NA;"Secretaria de Assuntos Estratégicos";551;NA;NA;NA
2018;NA;NA;NA;NA;"Secretaria de Assuntos Estratégicos";551;NA;NA;NA
2019;NA;NA;NA;NA;"Secretaria de Assuntos Estratégicos";551;NA;NA;NA
2020;NA;NA;NA;NA;"Secretaria de Assuntos Estratégicos";551;NA;NA;NA
2000;NA;NA;NA;NA;"Secretaria de Aviação Civil";552;NA;NA;NA
2001;NA;NA;NA;NA;"Secretaria de Aviação Civil";552;NA;NA;NA
2002;NA;NA;NA;NA;"Secretaria de Aviação Civil";552;NA;NA;NA
2003;NA;NA;NA;NA;"Secretaria de Aviação Civil";552;NA;NA;NA
2004;NA;NA;NA;NA;"Secretaria de Aviação Civil";552;NA;NA;NA
2005;NA;NA;NA;NA;"Secretaria de Aviação Civil";552;NA;NA;NA
2006;NA;NA;NA;NA;"Secretaria de Aviação Civil";552;NA;NA;NA
2007;NA;NA;NA;NA;"Secretaria de Aviação Civil";552;NA;NA;NA
2008;NA;NA;NA;NA;"Secretaria de Aviação Civil";552;NA;NA;NA
2009;NA;NA;NA;NA;"Secretaria de Aviação Civil";552;NA;NA;NA
2010;NA;NA;NA;NA;"Secretaria de Aviação Civil";552;NA;NA;NA
2011;NA;NA;NA;NA;"Secretaria de Aviação Civil";552;NA;NA;NA
2012;753882426;0;196515760;0;"Secretaria de Aviação Civil";552;NA;NA;NA
2013;4243180194;1853506401;433475907;71521620;"Secretaria de Aviação Civil";552;NA;NA;NA
2014;4251072417;1873037918;704070693;101438389;"Secretaria de Aviação Civil";552;NA;NA;NA
2015;5535878014;2108566188;482033650;53184105;"Secretaria de Aviação Civil";552;NA;NA;NA
2016;19215236816;2421417962;217572028;16778145;"Secretaria de Aviação Civil";552;NA;NA;NA
2017;NA;NA;NA;NA;"Secretaria de Aviação Civil";552;NA;NA;NA
2018;NA;NA;NA;NA;"Secretaria de Aviação Civil";552;NA;NA;NA
2019;NA;NA;NA;NA;"Secretaria de Aviação Civil";552;NA;NA;NA
2020;NA;NA;NA;NA;"Secretaria de Aviação Civil";552;NA;NA;NA
2000;NA;NA;NA;NA;"AGU - Advocacia Geral da União";27;NA;NA;2615
2001;NA;NA;NA;NA;"AGU - Advocacia Geral da União";27;NA;NA;3161
2002;NA;NA;NA;NA;"AGU - Advocacia Geral da União";27;NA;NA;1683
2003;NA;NA;NA;NA;"AGU - Advocacia Geral da União";27;NA;NA;3804
2004;NA;NA;NA;NA;"AGU - Advocacia Geral da União";27;NA;NA;7382
2005;NA;NA;NA;NA;"AGU - Advocacia Geral da União";27;NA;NA;7766
2006;NA;NA;NA;NA;"AGU - Advocacia Geral da União";27;NA;NA;8249
2007;NA;NA;NA;NA;"AGU - Advocacia Geral da União";27;NA;NA;8900
2008;NA;NA;NA;NA;"AGU - Advocacia Geral da União";27;NA;NA;8977
2009;NA;NA;NA;NA;"AGU - Advocacia Geral da União";27;NA;NA;9111
2010;NA;NA;NA;NA;"AGU - Advocacia Geral da União";27;NA;NA;7351
2011;NA;NA;NA;NA;"AGU - Advocacia Geral da União";27;NA;NA;7621
2012;1429333;0;1429333;0;"AGU - Advocacia Geral da União";27;NA;NA;7487
2013;2675202667;2562817187;5725600;1052660;"AGU - Advocacia Geral da União";27;NA;NA;7435
2014;2870599245;2735599399;31600000;6556551;"AGU - Advocacia Geral da União";27;NA;NA;9197
2015;3250639541;3049862399;72375680;458891;"AGU - Advocacia Geral da União";27;NA;NA;NA
2016;3438675497;3330347653;10048329;273470;"AGU - Advocacia Geral da União";27;NA;NA;NA
2017;3637802055;3503471125;23921897;690526;"AGU - Advocacia Geral da União";27;NA;NA;NA
2018;3930824888;3497391752;21662069;1334246;"AGU - Advocacia Geral da União";27;NA;NA;NA
2019;4066944825;3600634505;16821797;442511;"AGU - Advocacia Geral da União";27;NA;NA;NA
2020;4075577557;3655138507;20754634;127484;"AGU - Advocacia Geral da União";27;NA;NA;NA
2000;NA;NA;NA;NA;"Secretaria Especial de Direitos Humanos";561;NA;NA;NA
2001;NA;NA;NA;NA;"Secretaria Especial de Direitos Humanos";561;NA;NA;NA
2002;NA;NA;NA;NA;"Secretaria Especial de Direitos Humanos";561;NA;NA;NA
2003;NA;NA;NA;NA;"Secretaria Especial de Direitos Humanos";561;NA;NA;NA
2004;NA;NA;NA;NA;"Secretaria Especial de Direitos Humanos";561;NA;NA;NA
2005;NA;NA;NA;NA;"Secretaria Especial de Direitos Humanos";561;NA;NA;NA
2006;NA;NA;NA;NA;"Secretaria Especial de Direitos Humanos";561;NA;NA;NA
2007;NA;NA;NA;NA;"Secretaria Especial de Direitos Humanos";561;NA;NA;NA
2008;NA;NA;NA;NA;"Secretaria Especial de Direitos Humanos";561;NA;NA;NA
2009;NA;NA;NA;NA;"Secretaria Especial de Direitos Humanos";561;NA;NA;NA
2010;NA;NA;NA;NA;"Secretaria Especial de Direitos Humanos";561;NA;NA;NA
2011;NA;NA;NA;NA;"Secretaria Especial de Direitos Humanos";561;NA;NA;NA
2012;24188278;0;24188278;0;"Secretaria Especial de Direitos Humanos";561;NA;NA;NA
2013;366831151;99643344;122121919;1798658;"Secretaria Especial de Direitos Humanos";561;NA;NA;NA
2014;325685270;113328342;126046503;14431340;"Secretaria Especial de Direitos Humanos";561;NA;NA;NA
2015;407373624;89554840;182844380;647000;"Secretaria Especial de Direitos Humanos";561;NA;NA;NA
2016;0;121682;0;0;"Secretaria Especial de Direitos Humanos";561;NA;NA;NA
2017;NA;NA;NA;NA;"Secretaria Especial de Direitos Humanos";561;NA;NA;NA
2018;NA;NA;NA;NA;"Secretaria Especial de Direitos Humanos";561;NA;NA;NA
2019;NA;NA;NA;NA;"Secretaria Especial de Direitos Humanos";561;NA;NA;NA
2020;NA;NA;NA;NA;"Secretaria Especial de Direitos Humanos";561;NA;NA;NA
2000;NA;NA;NA;NA;"Secretaria Especial de Políticas para as Mulheres";562;NA;NA;NA
2001;NA;NA;NA;NA;"Secretaria Especial de Políticas para as Mulheres";562;NA;NA;NA
2002;NA;NA;NA;NA;"Secretaria Especial de Políticas para as Mulheres";562;NA;NA;NA
2003;NA;NA;NA;NA;"Secretaria Especial de Políticas para as Mulheres";562;NA;NA;NA
2004;NA;NA;NA;NA;"Secretaria Especial de Políticas para as Mulheres";562;NA;NA;NA
2005;NA;NA;NA;NA;"Secretaria Especial de Políticas para as Mulheres";562;NA;NA;NA
2006;NA;NA;NA;NA;"Secretaria Especial de Políticas para as Mulheres";562;NA;NA;NA
2007;NA;NA;NA;NA;"Secretaria Especial de Políticas para as Mulheres";562;NA;NA;NA
2008;NA;NA;NA;NA;"Secretaria Especial de Políticas para as Mulheres";562;NA;NA;NA
2009;NA;NA;NA;NA;"Secretaria Especial de Políticas para as Mulheres";562;NA;NA;NA
2010;NA;NA;NA;NA;"Secretaria Especial de Políticas para as Mulheres";562;NA;NA;NA
2011;NA;NA;NA;NA;"Secretaria Especial de Políticas para as Mulheres";562;NA;NA;NA
2012;5981153;0;5981153;0;"Secretaria Especial de Políticas para as Mulheres";562;NA;NA;NA
2013;208555722;46355668;84094460;15666849;"Secretaria Especial de Políticas para as Mulheres";562;NA;NA;NA
2014;219229726;73099258;84846880;11690890;"Secretaria Especial de Políticas para as Mulheres";562;NA;NA;NA
2015;266413888;71194340;109025905;18214493;"Secretaria Especial de Políticas para as Mulheres";562;NA;NA;NA
2016;0;0;0;0;"Secretaria Especial de Políticas para as Mulheres";562;NA;NA;NA
2017;NA;NA;NA;NA;"Secretaria Especial de Políticas para as Mulheres";562;NA;NA;NA
2018;NA;NA;NA;NA;"Secretaria Especial de Políticas para as Mulheres";562;NA;NA;NA
2019;NA;NA;NA;NA;"Secretaria Especial de Políticas para as Mulheres";562;NA;NA;NA
2020;NA;NA;NA;NA;"Secretaria Especial de Políticas para as Mulheres";562;NA;NA;NA
2000;NA;NA;NA;NA;"Controladoria Geral da União";176;NA;NA;NA
2001;NA;NA;NA;NA;"Controladoria Geral da União";176;NA;NA;NA
2002;NA;NA;NA;NA;"Controladoria Geral da União";176;NA;NA;NA
2003;NA;NA;NA;NA;"Controladoria Geral da União";176;NA;NA;NA
2004;NA;NA;NA;NA;"Controladoria Geral da União";176;NA;NA;NA
2005;NA;NA;NA;NA;"Controladoria Geral da União";176;NA;NA;NA
2006;NA;NA;NA;NA;"Controladoria Geral da União";176;NA;NA;NA
2007;NA;NA;NA;NA;"Controladoria Geral da União";176;NA;NA;NA
2008;NA;NA;NA;NA;"Controladoria Geral da União";176;NA;NA;NA
2009;NA;NA;NA;NA;"Controladoria Geral da União";176;NA;NA;NA
2010;NA;NA;NA;NA;"Controladoria Geral da União";176;NA;NA;NA
2011;NA;NA;NA;NA;"Controladoria Geral da União";176;NA;NA;NA
2012;6999919;0;6999919;0;"Controladoria Geral da União";176;NA;NA;NA
2013;815962726;768466982;21576014;12499096;"Controladoria Geral da União";176;NA;NA;NA
2014;848787129;814493214;12983391;3294109;"Controladoria Geral da União";176;NA;NA;NA
2015;904573152;861686181;15653019;1965143;"Controladoria Geral da União";176;NA;NA;NA
2016;934831353;891469655;16847496;3109760;"Controladoria Geral da União";176;NA;NA;NA
2017;NA;NA;NA;NA;"Controladoria Geral da União";176;2084;267;NA
2018;NA;NA;NA;NA;"Controladoria Geral da União";176;2061;240;NA
2019;NA;NA;NA;NA;"Controladoria Geral da União";176;2037;217;NA
2020;NA;NA;NA;NA;"Controladoria Geral da União";176;2017;216;NA
2000;NA;NA;NA;NA;"Secretaria de Políticas de Promoção da Igualdade Racial";557;NA;NA;NA
2001;NA;NA;NA;NA;"Secretaria de Políticas de Promoção da Igualdade Racial";557;NA;NA;NA
2002;NA;NA;NA;NA;"Secretaria de Políticas de Promoção da Igualdade Racial";557;NA;NA;NA
2003;NA;NA;NA;NA;"Secretaria de Políticas de Promoção da Igualdade Racial";557;NA;NA;NA
2004;NA;NA;NA;NA;"Secretaria de Políticas de Promoção da Igualdade Racial";557;NA;NA;NA
2005;NA;NA;NA;NA;"Secretaria de Políticas de Promoção da Igualdade Racial";557;NA;NA;NA
2006;NA;NA;NA;NA;"Secretaria de Políticas de Promoção da Igualdade Racial";557;NA;NA;NA
2007;NA;NA;NA;NA;"Secretaria de Políticas de Promoção da Igualdade Racial";557;NA;NA;NA
2008;NA;NA;NA;NA;"Secretaria de Políticas de Promoção da Igualdade Racial";557;NA;NA;NA
2009;NA;NA;NA;NA;"Secretaria de Políticas de Promoção da Igualdade Racial";557;NA;NA;NA
2010;NA;NA;NA;NA;"Secretaria de Políticas de Promoção da Igualdade Racial";557;NA;NA;NA
2011;NA;NA;NA;NA;"Secretaria de Políticas de Promoção da Igualdade Racial";557;NA;NA;NA
2012;730560;0;730560;0;"Secretaria de Políticas de Promoção da Igualdade Racial";557;NA;NA;NA
2013;56138942;26551931;7811536;489563;"Secretaria de Políticas de Promoção da Igualdade Racial";557;NA;NA;NA
2014;57718698;21350166;11693429;360802;"Secretaria de Políticas de Promoção da Igualdade Racial";557;NA;NA;NA
2015;76703049;17934068;13697069;14335;"Secretaria de Políticas de Promoção da Igualdade Racial";557;NA;NA;NA
2016;0;0;0;0;"Secretaria de Políticas de Promoção da Igualdade Racial";557;NA;NA;NA
2017;NA;NA;NA;NA;"Secretaria de Políticas de Promoção da Igualdade Racial";557;NA;NA;NA
2018;NA;NA;NA;NA;"Secretaria de Políticas de Promoção da Igualdade Racial";557;NA;NA;NA
2019;NA;NA;NA;NA;"Secretaria de Políticas de Promoção da Igualdade Racial";557;NA;NA;NA
2020;NA;NA;NA;NA;"Secretaria de Políticas de Promoção da Igualdade Racial";557;NA;NA;NA
2000;NA;NA;NA;NA;"Secretaria Nacional de Portos";564;NA;NA;NA
2001;NA;NA;NA;NA;"Secretaria Nacional de Portos";564;NA;NA;NA
2002;NA;NA;NA;NA;"Secretaria Nacional de Portos";564;NA;NA;NA
2003;NA;NA;NA;NA;"Secretaria Nacional de Portos";564;NA;NA;NA
2004;NA;NA;NA;NA;"Secretaria Nacional de Portos";564;NA;NA;NA
2005;NA;NA;NA;NA;"Secretaria Nacional de Portos";564;NA;NA;NA
2006;NA;NA;NA;NA;"Secretaria Nacional de Portos";564;NA;NA;NA
2007;NA;NA;NA;NA;"Secretaria Nacional de Portos";564;NA;NA;NA
2008;NA;NA;NA;NA;"Secretaria Nacional de Portos";564;NA;NA;NA
2009;NA;NA;NA;NA;"Secretaria Nacional de Portos";564;NA;NA;NA
2010;NA;NA;NA;NA;"Secretaria Nacional de Portos";564;NA;NA;NA
2011;NA;NA;NA;NA;"Secretaria Nacional de Portos";564;NA;NA;NA
2012;615046339;0;311950001;0;"Secretaria Nacional de Portos";564;NA;NA;NA
2013;1079608270;183015094;341590831;1249439;"Secretaria Nacional de Portos";564;NA;NA;NA
2014;1523347041;216658040;567395552;30596842;"Secretaria Nacional de Portos";564;NA;NA;NA
2015;1119008932;284762007;454969974;3699739;"Secretaria Nacional de Portos";564;NA;NA;NA
2016;988446871;333181350;471413781;32171814;"Secretaria Nacional de Portos";564;NA;NA;NA
2017;NA;NA;NA;NA;"Secretaria Nacional de Portos";564;NA;NA;NA
2018;NA;NA;NA;NA;"Secretaria Nacional de Portos";564;NA;NA;NA
2019;NA;NA;NA;NA;"Secretaria Nacional de Portos";564;NA;NA;NA
2020;NA;NA;NA;NA;"Secretaria Nacional de Portos";564;NA;NA;NA
2000;NA;NA;NA;NA;"Secretaria Especial da Micro e Pequena Empresa";751;NA;NA;NA
2001;NA;NA;NA;NA;"Secretaria Especial da Micro e Pequena Empresa";751;NA;NA;NA
2002;NA;NA;NA;NA;"Secretaria Especial da Micro e Pequena Empresa";751;NA;NA;NA
2003;NA;NA;NA;NA;"Secretaria Especial da Micro e Pequena Empresa";751;NA;NA;NA
2004;NA;NA;NA;NA;"Secretaria Especial da Micro e Pequena Empresa";751;NA;NA;NA
2005;NA;NA;NA;NA;"Secretaria Especial da Micro e Pequena Empresa";751;NA;NA;NA
2006;NA;NA;NA;NA;"Secretaria Especial da Micro e Pequena Empresa";751;NA;NA;NA
2007;NA;NA;NA;NA;"Secretaria Especial da Micro e Pequena Empresa";751;NA;NA;NA
2008;NA;NA;NA;NA;"Secretaria Especial da Micro e Pequena Empresa";751;NA;NA;NA
2009;NA;NA;NA;NA;"Secretaria Especial da Micro e Pequena Empresa";751;NA;NA;NA
2010;NA;NA;NA;NA;"Secretaria Especial da Micro e Pequena Empresa";751;NA;NA;NA
2011;NA;NA;NA;NA;"Secretaria Especial da Micro e Pequena Empresa";751;NA;NA;NA
2012;NA;NA;NA;NA;"Secretaria Especial da Micro e Pequena Empresa";751;NA;NA;NA
2013;116547422;7604607;19595000;0;"Secretaria Especial da Micro e Pequena Empresa";751;NA;NA;NA
2014;87152148;51403292;12866679;3838757;"Secretaria Especial da Micro e Pequena Empresa";751;NA;NA;NA
2015;99057930;46435576;16690998;2391541;"Secretaria Especial da Micro e Pequena Empresa";751;NA;NA;NA
2016;0;0;0;0;"Secretaria Especial da Micro e Pequena Empresa";751;NA;NA;NA
2017;NA;NA;NA;NA;"Secretaria Especial da Micro e Pequena Empresa";751;NA;NA;NA
2018;NA;NA;NA;NA;"Secretaria Especial da Micro e Pequena Empresa";751;NA;NA;NA
2019;NA;NA;NA;NA;"Secretaria Especial da Micro e Pequena Empresa";751;NA;NA;NA
2020;NA;NA;NA;NA;"Secretaria Especial da Micro e Pequena Empresa";751;NA;NA;NA
2000;NA;NA;NA;NA;"Ministério da Mulher, da Família e dos Direitos Humanos";750;NA;NA;NA
2001;NA;NA;NA;NA;"Ministério da Mulher, da Família e dos Direitos Humanos";750;NA;NA;NA
2002;NA;NA;NA;NA;"Ministério da Mulher, da Família e dos Direitos Humanos";750;NA;NA;NA
2003;NA;NA;NA;NA;"Ministério da Mulher, da Família e dos Direitos Humanos";750;NA;NA;NA
2004;NA;NA;NA;NA;"Ministério da Mulher, da Família e dos Direitos Humanos";750;NA;NA;NA
2005;NA;NA;NA;NA;"Ministério da Mulher, da Família e dos Direitos Humanos";750;NA;NA;NA
2006;NA;NA;NA;NA;"Ministério da Mulher, da Família e dos Direitos Humanos";750;NA;NA;NA
2007;NA;NA;NA;NA;"Ministério da Mulher, da Família e dos Direitos Humanos";750;NA;NA;NA
2008;NA;NA;NA;NA;"Ministério da Mulher, da Família e dos Direitos Humanos";750;NA;NA;NA
2009;NA;NA;NA;NA;"Ministério da Mulher, da Família e dos Direitos Humanos";750;NA;NA;NA
2010;NA;NA;NA;NA;"Ministério da Mulher, da Família e dos Direitos Humanos";750;NA;NA;NA
2011;NA;NA;NA;NA;"Ministério da Mulher, da Família e dos Direitos Humanos";750;NA;NA;NA
2012;NA;NA;NA;NA;"Ministério da Mulher, da Família e dos Direitos Humanos";750;NA;NA;NA
2013;NA;NA;NA;NA;"Ministério da Mulher, da Família e dos Direitos Humanos";750;NA;NA;NA
2014;NA;NA;NA;NA;"Ministério da Mulher, da Família e dos Direitos Humanos";750;NA;NA;NA
2015;NA;NA;NA;NA;"Ministério da Mulher, da Família e dos Direitos Humanos";750;NA;NA;NA
2016;NA;NA;NA;NA;"Ministério da Mulher, da Família e dos Direitos Humanos";750;NA;NA;NA
2017;NA;NA;NA;NA;"Ministério da Mulher, da Família e dos Direitos Humanos";750;177;56;NA
2018;494208367;264092828;159099187;61921080;"Ministério da Mulher, da Família e dos Direitos Humanos";750;306;102;NA
2019;610446878;213271855;173293093;34360894;"Ministério da Mulher, da Família e dos Direitos Humanos";750;378;81;NA
2020;852839736;396766535;161534616;7122974;"Ministério da Mulher, da Família e dos Direitos Humanos";750;392;73;NA
2000;NA;NA;NA;NA;"Ministério da Segurança Pública";752;NA;NA;NA
2001;NA;NA;NA;NA;"Ministério da Segurança Pública";752;NA;NA;NA
2002;NA;NA;NA;NA;"Ministério da Segurança Pública";752;NA;NA;NA
2003;NA;NA;NA;NA;"Ministério da Segurança Pública";752;NA;NA;NA
2004;NA;NA;NA;NA;"Ministério da Segurança Pública";752;NA;NA;NA
2005;NA;NA;NA;NA;"Ministério da Segurança Pública";752;NA;NA;NA
2006;NA;NA;NA;NA;"Ministério da Segurança Pública";752;NA;NA;NA
2007;NA;NA;NA;NA;"Ministério da Segurança Pública";752;NA;NA;NA
2008;NA;NA;NA;NA;"Ministério da Segurança Pública";752;NA;NA;NA
2009;NA;NA;NA;NA;"Ministério da Segurança Pública";752;NA;NA;NA
2010;NA;NA;NA;NA;"Ministério da Segurança Pública";752;NA;NA;NA
2011;NA;NA;NA;NA;"Ministério da Segurança Pública";752;NA;NA;NA
2012;NA;NA;NA;NA;"Ministério da Segurança Pública";752;NA;NA;NA
2013;NA;NA;NA;NA;"Ministério da Segurança Pública";752;NA;NA;NA
2014;NA;NA;NA;NA;"Ministério da Segurança Pública";752;NA;NA;NA
2015;NA;NA;NA;NA;"Ministério da Segurança Pública";752;NA;NA;NA
2016;NA;NA;NA;NA;"Ministério da Segurança Pública";752;NA;NA;NA
2017;NA;NA;NA;NA;"Ministério da Segurança Pública";752;NA;NA;NA
2018;NA;NA;NA;NA;"Ministério da Segurança Pública";752;NA;NA;NA
2019;0;0;NA;NA;"Ministério da Segurança Pública";752;NA;NA;NA
2020;NA;NA;NA;NA;"Ministério da Segurança Pública";752;NA;NA;NA
1999;NA;NA;NA;NA;"Ministério da Ciência e Tecnologia";422;589;1202;6875
1999;NA;NA;NA;NA;"Ministério da Justiça";429;7536;15912;23113
1999;NA;NA;NA;NA;"Ministério do Planejamento, Orçamento e Gestão";444;13;12;13164
1999;NA;NA;NA;NA;"Ministério da Agricultura, Pecuária e Abastecimento";421;5830;11109;10771
1999;NA;NA;NA;NA;"Ministério da Ciência e Tecnologia";422;1602;2285;6875
1999;NA;NA;NA;NA;"Ministério do Desenvolvimento Social e Combate à Fome";438;24;17;NA
1999;NA;NA;NA;NA;"Ministério da Cultura";423;158;219;2585
1999;NA;NA;NA;NA;"Ministério da Defesa";424;5862;26353;32031
1999;NA;NA;NA;NA;"Ministério da Economia";425;42083;61745;NA
1999;NA;NA;NA;NA;"Ministério da Educação";426;75279;79696;165510
1999;NA;NA;NA;NA;"Ministério da Infra-Estrutura";700;1586;3115;NA
1999;NA;NA;NA;NA;"Ministério da Previdência Social";431;534;809;41566
1999;NA;NA;NA;NA;"Ministério da Saúde";432;39640;72534;110804
1999;NA;NA;NA;NA;"Ministério das Comunicações";434;355;739;1657
1999;NA;NA;NA;NA;"Ministério das Relações Exteriores";435;1991;1203;3051
1999;NA;NA;NA;NA;"Ministério de Minas e Energia";436;1092;1004;1872
1999;NA;NA;NA;NA;"Ministério das Cidades";433;1022;2028;NA
1999;NA;NA;NA;NA;"Ministério do Esporte";440;88;116;185
1999;NA;NA;NA;NA;"Ministério do Meio Ambiente";442;2155;3762;8024
1999;NA;NA;NA;NA;"Ministério do Meio Ambiente";442;2155;3762;4504
1999;NA;NA;NA;NA;"Ministério do Planejamento, Orçamento e Gestão";444;1970;1913;13164
1999;NA;NA;NA;NA;"Ministério do Trabalho e Emprego";445;4452;3242;7863
1999;NA;NA;NA;NA;"Ministério do Turismo";446;1202;1323;NA
1999;NA;NA;NA;NA;"Ministério do Desenvolvimento, Indústria e Comércio Exterior";439;399;361;2580
1999;NA;NA;NA;NA;"Presidência da República";523;2695;4388;2519
1997;NA;NA;NA;NA;"Presidência da República";523;NA;NA;5370
1998;NA;NA;NA;NA;"Presidência da República";523;NA;NA;5401
1997;NA;NA;NA;NA;"AGU - Advocacia Geral da União";27;NA;NA;16
1998;NA;NA;NA;NA;"AGU - Advocacia Geral da União";27;NA;NA;2068
1999;NA;NA;NA;NA;"AGU - Advocacia Geral da União";27;NA;NA;2196
1997;NA;NA;NA;NA;"Ministério da Agricultura, Pecuária e Abastecimento";421;NA;NA;11703
1998;NA;NA;NA;NA;"Ministério da Agricultura, Pecuária e Abastecimento";421;NA;NA;11151
1997;NA;NA;NA;NA;"Ministério das Cidades";433;NA;NA;NA
1998;NA;NA;NA;NA;"Ministério das Cidades";433;NA;NA;NA
1997;NA;NA;NA;NA;"Ministério da Ciência e Tecnologia";422;NA;NA;4571
1998;NA;NA;NA;NA;"Ministério da Ciência e Tecnologia";422;NA;NA;4355
1997;NA;NA;NA;NA;"Ministério das Comunicações";434;NA;NA;1313
1998;NA;NA;NA;NA;"Ministério das Comunicações";434;NA;NA;1322
1997;NA;NA;NA;NA;"Ministério da Cultura";423;NA;NA;2844
1998;NA;NA;NA;NA;"Ministério da Cultura";423;NA;NA;2695
1997;NA;NA;NA;NA;"Ministério da Defesa";424;NA;NA;35362
1998;NA;NA;NA;NA;"Ministério da Defesa";424;NA;NA;33901
1997;NA;NA;NA;NA;"Ministério do Desenvolvimento Agrário";437;NA;NA;6267
1998;NA;NA;NA;NA;"Ministério do Desenvolvimento Agrário";437;NA;NA;6004
1999;NA;NA;NA;NA;"Ministério do Desenvolvimento Agrário";437;NA;NA;5798
1997;NA;NA;NA;NA;"Ministério do Desenvolvimento Social e Combate à Fome";438;NA;NA;NA
1998;NA;NA;NA;NA;"Ministério do Desenvolvimento Social e Combate à Fome";438;NA;NA;NA
1997;NA;NA;NA;NA;"Ministério do Desenvolvimento, Indústria e Comércio Exterior";439;NA;NA;2411
1998;NA;NA;NA;NA;"Ministério do Desenvolvimento, Indústria e Comércio Exterior";439;NA;NA;2335
1997;NA;NA;NA;NA;"Ministério da Educação";426;NA;NA;174966
1998;NA;NA;NA;NA;"Ministério da Educação";426;NA;NA;168403
1997;NA;NA;NA;NA;"Ministério do Esporte";440;NA;NA;169
1998;NA;NA;NA;NA;"Ministério do Esporte";440;NA;NA;159
1997;NA;NA;NA;NA;"Ministério da Fazenda";427;NA;NA;26207
1998;NA;NA;NA;NA;"Ministério da Fazenda";427;NA;NA;28080
1999;NA;NA;NA;NA;"Ministério da Fazenda";427;NA;NA;26958
2000;NA;NA;NA;NA;"Ministério da Fazenda";427;NA;NA;25331
2001;NA;NA;NA;NA;"Ministério da Fazenda";427;NA;NA;26098
2002;NA;NA;NA;NA;"Ministério da Fazenda";427;NA;NA;26297
2003;NA;NA;NA;NA;"Ministério da Fazenda";427;NA;NA;25622
2004;NA;NA;NA;NA;"Ministério da Fazenda";427;NA;NA;26098
2005;NA;NA;NA;NA;"Ministério da Fazenda";427;NA;NA;26404
2006;NA;NA;NA;NA;"Ministério da Fazenda";427;NA;NA;28672
2007;NA;NA;NA;NA;"Ministério da Fazenda";427;NA;NA;33233
2008;NA;NA;NA;NA;"Ministério da Fazenda";427;NA;NA;33033
2009;NA;NA;NA;NA;"Ministério da Fazenda";427;NA;NA;34301
2010;NA;NA;NA;NA;"Ministério da Fazenda";427;NA;NA;35380
2011;NA;NA;NA;NA;"Ministério da Fazenda";427;NA;NA;34348
2012;NA;NA;NA;NA;"Ministério da Fazenda";427;NA;NA;33292
2013;NA;NA;NA;NA;"Ministério da Fazenda";427;NA;NA;33228
2014;NA;NA;NA;NA;"Ministério da Fazenda";427;NA;NA;33075
2015;NA;NA;NA;NA;"Ministério da Fazenda";427;NA;NA;32673
2016;NA;NA;NA;NA;"Ministério da Fazenda";427;NA;NA;31857
1997;NA;NA;NA;NA;"Ministério da Integração Nacional";428;NA;NA;NA
1998;NA;NA;NA;NA;"Ministério da Integração Nacional";428;NA;NA;NA
1999;NA;NA;NA;NA;"Ministério da Integração Nacional";428;NA;NA;184
2000;NA;NA;NA;NA;"Ministério da Integração Nacional";428;NA;NA;3905
2001;NA;NA;NA;NA;"Ministério da Integração Nacional";428;NA;NA;2480
2002;NA;NA;NA;NA;"Ministério da Integração Nacional";428;NA;NA;2537
2003;NA;NA;NA;NA;"Ministério da Integração Nacional";428;NA;NA;2469
2004;NA;NA;NA;NA;"Ministério da Integração Nacional";428;NA;NA;2764
2005;NA;NA;NA;NA;"Ministério da Integração Nacional";428;NA;NA;2674
2006;NA;NA;NA;NA;"Ministério da Integração Nacional";428;NA;NA;2667
2007;NA;NA;NA;NA;"Ministério da Integração Nacional";428;NA;NA;2719
2008;NA;NA;NA;NA;"Ministério da Integração Nacional";428;NA;NA;2759
2009;NA;NA;NA;NA;"Ministério da Integração Nacional";428;NA;NA;2793
2010;NA;NA;NA;NA;"Ministério da Integração Nacional";428;NA;NA;3060
2011;NA;NA;NA;NA;"Ministério da Integração Nacional";428;NA;NA;2962
2012;NA;NA;NA;NA;"Ministério da Integração Nacional";428;NA;NA;2871
2013;NA;NA;NA;NA;"Ministério da Integração Nacional";428;NA;NA;2930
2014;NA;NA;NA;NA;"Ministério da Integração Nacional";428;NA;NA;2798
2015;NA;NA;NA;NA;"Ministério da Integração Nacional";428;NA;NA;2675
2016;NA;NA;NA;NA;"Ministério da Integração Nacional";428;NA;NA;2571
1997;NA;NA;NA;NA;"Ministério da Justiça";429;NA;NA;23261
1998;NA;NA;NA;NA;"Ministério da Justiça";429;NA;NA;22490
1997;NA;NA;NA;NA;"Ministério do Meio Ambiente";442;NA;NA;8609
1998;NA;NA;NA;NA;"Ministério do Meio Ambiente";442;NA;NA;8322
1997;NA;NA;NA;NA;"Ministério de Minas e Energia";436;NA;NA;2000
1998;NA;NA;NA;NA;"Ministério de Minas e Energia";436;NA;NA;2030
1997;NA;NA;NA;NA;"Ministério do Planejamento, Orçamento e Gestão";444;NA;NA;16072
1998;NA;NA;NA;NA;"Ministério do Planejamento, Orçamento e Gestão";444;NA;NA;14088
1997;NA;NA;NA;NA;"Ministério da Pesca e Aquicultura";430;NA;NA;NA
1998;NA;NA;NA;NA;"Ministério da Pesca e Aquicultura";430;NA;NA;NA
1999;NA;NA;NA;NA;"Ministério da Pesca e Aquicultura";430;NA;NA;NA
1997;NA;NA;NA;NA;"Ministério da Previdência Social";431;NA;NA;45718
1998;NA;NA;NA;NA;"Ministério da Previdência Social";431;NA;NA;43789
1997;NA;NA;NA;NA;"Ministério das Relações Exteriores";435;NA;NA;3099
1998;NA;NA;NA;NA;"Ministério das Relações Exteriores";435;NA;NA;3140
1997;NA;NA;NA;NA;"Ministério da Saúde";432;NA;NA;123159
1998;NA;NA;NA;NA;"Ministério da Saúde";432;NA;NA;116862
1997;NA;NA;NA;NA;"Ministério do Trabalho e Emprego";445;NA;NA;8126
1998;NA;NA;NA;NA;"Ministério do Trabalho e Emprego";445;NA;NA;7810
1997;NA;NA;NA;NA;"Ministério do Meio Ambiente";442;NA;NA;5235
1998;NA;NA;NA;NA;"Ministério do Meio Ambiente";442;NA;NA;4742
1997;NA;NA;NA;NA;"Ministério do Turismo";446;NA;NA;NA
1998;NA;NA;NA;NA;"Ministério do Turismo";446;NA;NA;NA
