;orgao;ano;dotacao_atual_total;pago_total;dotacao_atual_invest;pago_invest
1;20000 - Presidência da República;2000;1520867097;486218147;978435068;59830125
2;20000 - Presidência da República;2001;2192974729;805246544;1376962755;201401558
3;20000 - Presidência da República;2002;2211227130;838878311;1254777449;111030791
4;20000 - Presidência da República;2003;2851600354;1634784738;157207854;49057455
5;20000 - Presidência da República;2004;1403700353;1057889252;136576458;46607338
6;20000 - Presidência da República;2005;1989928006;1389464515;156233201;46185538
7;20000 - Presidência da República;2006;2034254444;1539666515;122619354;43843492
8;20000 - Presidência da República;2007;3124034400;1870432636;563753539;111269694
9;20000 - Presidência da República;2008;4770861174;2605262103;1515779372;249987430
10;20000 - Presidência da República;2009;6108741550;3335598891;1795182744;366317112
11;20000 - Presidência da República;2010;6283721332;3538304873;1613675437;341895512
12;20000 - Presidência da República;2011;5673252353;3397112079;1027177461;128677776
13;20000 - Presidência da República;2012;6903958967;3641340445;1146805555;112621090
14;20000 - Presidência da República;2013;2305247958;1557860703;129311340;13034154
15;20000 - Presidência da República;2014;2202537812;1728149346;100702250;15787695
16;20000 - Presidência da República;2015;2509946649;1738938332;82487650;5977127
17;20000 - Presidência da República;2016;2567420208;1910504844;40302899;12838096
18;20000 - Presidência da República;2017;6944147530;4642029571;605163745;56967053
19;20000 - Presidência da República;2018;8242857622;4947141003;1442719178;213971903
20;20000 - Presidência da República;2019;2401790772;1755913696;66755533;8456965
21;20000 - Presidência da República;2020;2361960063;1756157388;109724409;7376422
22;20102 - Gabinete da Vice-Presidência da República;2000;3212689;3013712;71000;53676
23;20102 - Gabinete da Vice-Presidência da República;2001;5104281;3225501;101000;49585
24;20102 - Gabinete da Vice-Presidência da República;2002;4653439;4039461;355000;144543
25;20102 - Gabinete da Vice-Presidência da República;2003;4581769;3774621;210000;11727
26;20102 - Gabinete da Vice-Presidência da República;2004;5253179;4767384;110000;107477
27;20102 - Gabinete da Vice-Presidência da República;2005;4855330;4235892;2,00E+05;6845
28;20102 - Gabinete da Vice-Presidência da República;2006;5243472;4995656;737;470
29;20102 - Gabinete da Vice-Presidência da República;2007;5393837;5276375;103737;75068
30;20102 - Gabinete da Vice-Presidência da República;2008;6596021;6394427;12000;9583
31;20102 - Gabinete da Vice-Presidência da República;2009;6642977;5666945;3,00E+05;5793
32;20102 - Gabinete da Vice-Presidência da República;2010;7658235;6231162;3,00E+05;76174
33;20102 - Gabinete da Vice-Presidência da República;2011;7729679;6853598;3,00E+05;88169
34;20102 - Gabinete da Vice-Presidência da República;2012;9203831;7390782;680000;141174
35;20102 - Gabinete da Vice-Presidência da República;2013;NA;NA;NA;NA
36;20102 - Gabinete da Vice-Presidência da República;2014;NA;NA;NA;NA
37;20102 - Gabinete da Vice-Presidência da República;2015;NA;NA;NA;NA
38;20102 - Gabinete da Vice-Presidência da República;2016;NA;NA;NA;NA
39;20102 - Gabinete da Vice-Presidência da República;2017;NA;NA;NA;NA
40;20102 - Gabinete da Vice-Presidência da República;2018;NA;NA;NA;NA
41;20102 - Gabinete da Vice-Presidência da República;2019;NA;NA;NA;NA
42;20102 - Gabinete da Vice-Presidência da República;2020;NA;NA;NA;NA
43;20114 - Advocacia-Geral da União;2000;92451682;71077032;5987605;4119171
44;20114 - Advocacia-Geral da União;2001;125041086;111052389;8499046;4720284
45;20114 - Advocacia-Geral da União;2002;155876388;142112813;3660070;879018
46;20114 - Advocacia-Geral da União;2003;246222205;211675714;6921442;2081548
47;20114 - Advocacia-Geral da União;2004;855679261;796558509;14598576;1205468
48;20114 - Advocacia-Geral da União;2005;1055289590;833935654;9218666;1417384
49;20114 - Advocacia-Geral da União;2006;1141135024;1093274239;20776690;786108
50;20114 - Advocacia-Geral da União;2007;1458331144;1383444871;18197408;2991998
51;20114 - Advocacia-Geral da União;2008;1959309763;1828037271;77662580;2158961
52;20114 - Advocacia-Geral da União;2009;2189399726;2072387449;24538735;5681682
53;20114 - Advocacia-Geral da União;2010;2369824157;2282570545;32202223;11078475
54;20114 - Advocacia-Geral da União;2011;2442749174;2365751164;12936400;1176992
55;20114 - Advocacia-Geral da União;2012;2507641864;2401286209;18135165;798596
56;20114 - Advocacia-Geral da União;2013;NA;NA;NA;NA
57;20114 - Advocacia-Geral da União;2014;NA;NA;NA;NA
58;20114 - Advocacia-Geral da União;2015;NA;NA;NA;NA
59;20114 - Advocacia-Geral da União;2016;NA;NA;NA;NA
60;20114 - Advocacia-Geral da União;2017;NA;NA;NA;NA
61;20114 - Advocacia-Geral da União;2018;NA;NA;NA;NA
62;20114 - Advocacia-Geral da União;2019;NA;NA;NA;NA
63;20114 - Advocacia-Geral da União;2020;NA;NA;NA;NA
64;22000 - Ministério da Agricultura, Pecuária e Abastecimento;2000;4731585950;3498998548;281832803;40253730
65;22000 - Ministério da Agricultura, Pecuária e Abastecimento;2001;6276027766;3426813052;379486903;64673468
66;22000 - Ministério da Agricultura, Pecuária e Abastecimento;2002;5486246009;3717093229;299769698;55430148
67;22000 - Ministério da Agricultura, Pecuária e Abastecimento;2003;5948894225;4123318755;195748295;16076567
68;22000 - Ministério da Agricultura, Pecuária e Abastecimento;2004;7049187846;3085177051;201993657;47231993
69;22000 - Ministério da Agricultura, Pecuária e Abastecimento;2005;5582580465;3878427210;370532107;57919089
70;22000 - Ministério da Agricultura, Pecuária e Abastecimento;2006;6065988895;4082531281;454106532;53484623
71;22000 - Ministério da Agricultura, Pecuária e Abastecimento;2007;6717882091;4094502490;622126494;73405408
72;22000 - Ministério da Agricultura, Pecuária e Abastecimento;2008;7496345576;4469247432;853835132;93863354
73;22000 - Ministério da Agricultura, Pecuária e Abastecimento;2009;9728452727;7474908729;1122352052;123468750
74;22000 - Ministério da Agricultura, Pecuária e Abastecimento;2010;9693984451;6508908905;1508666639;95205903
75;22000 - Ministério da Agricultura, Pecuária e Abastecimento;2011;10106845138;6695877476;1197393293;94097919
76;22000 - Ministério da Agricultura, Pecuária e Abastecimento;2012;11342500657;6707478227;1906649282;67245945
77;22000 - Ministério da Agricultura, Pecuária e Abastecimento;2013;11639957791;7244009634;1571279804;39296731
78;22000 - Ministério da Agricultura, Pecuária e Abastecimento;2014;11470023474;7652170803;1394648698;114615590
79;22000 - Ministério da Agricultura, Pecuária e Abastecimento;2015;12489910095;7970717552;1530230382;22968801
80;22000 - Ministério da Agricultura, Pecuária e Abastecimento;2016;12813238300;8845330281;876561969;115090076
81;22000 - Ministério da Agricultura, Pecuária e Abastecimento;2017;12416655581;9534358802;1080309183;52473376
82;22000 - Ministério da Agricultura, Pecuária e Abastecimento;2018;12172996402;8827544279;1218035443;106022543
83;22000 - Ministério da Agricultura, Pecuária e Abastecimento;2019;17837634971;12904693589;1752931340;35199184
84;22000 - Ministério da Agricultura, Pecuária e Abastecimento;2020;17292155290;12494196554;1745421797;40029557
85;24000 - Ministério da Ciência, Tecnologia e Inovações;2000;1753427206;1368484274;308054060;115502474
86;24000 - Ministério da Ciência, Tecnologia e Inovações;2001;2336241256;1696512005;482859270;150997009
87;24000 - Ministério da Ciência, Tecnologia e Inovações;2002;2535262055;1696209394;314895952;34581327
88;24000 - Ministério da Ciência, Tecnologia e Inovações;2003;3117626328;2023109287;194086343;62937969
89;24000 - Ministério da Ciência, Tecnologia e Inovações;2004;3553370902;2349174699;217394234;143717988
90;24000 - Ministério da Ciência, Tecnologia e Inovações;2005;4527964970;2615350095;627227606;204562649
91;24000 - Ministério da Ciência, Tecnologia e Inovações;2006;4689355549;2716622410;982915587;422197588
92;24000 - Ministério da Ciência, Tecnologia e Inovações;2007;4912984408;2998049007;982076988;414124302
93;24000 - Ministério da Ciência, Tecnologia e Inovações;2008;5741092280;3555895836;1075847513;410025569
94;24000 - Ministério da Ciência, Tecnologia e Inovações;2009;5874850485;3998376065;1123310203;431844828
95;24000 - Ministério da Ciência, Tecnologia e Inovações;2010;7098369476;4669017800;1581430870;502840897
96;24000 - Ministério da Ciência, Tecnologia e Inovações;2011;6369651739;3872786742;1057914364;302024400
97;24000 - Ministério da Ciência, Tecnologia e Inovações;2012;8369315038;4447963712;2110454077;336451086
98;24000 - Ministério da Ciência, Tecnologia e Inovações;2013;9253536996;5470265112;1537307669;301682867
99;24000 - Ministério da Ciência, Tecnologia e Inovações;2014;8959088672;5766519043;1176042257;289650695
100;24000 - Ministério da Ciência, Tecnologia e Inovações;2015;8850805297;4945472384;864094552;101036873
101;24000 - Ministério da Ciência, Tecnologia e Inovações;2016;7787700329;4974376008;567957282;234585047
102;24000 - Ministério da Ciência, Tecnologia e Inovações;2017;13489834862;7084409399;712804539;337485861
103;24000 - Ministério da Ciência, Tecnologia e Inovações;2018;11141877723;7297280364;506897049;262470407
104;24000 - Ministério da Ciência, Tecnologia e Inovações;2019;13909133639;7661043463;459628457;236711182
105;24000 - Ministério da Ciência, Tecnologia e Inovações;2020;13604870061;6984365336;503984115;254150011
106;24000 - Ministério da Ciência, Tecnologia, Inovações e Comunicações;2000;218953386;140537130;33148727;14539468
107;24000 - Ministério da Ciência, Tecnologia, Inovações e Comunicações;2001;241089862;189213030;42928210;24753446
108;24000 - Ministério da Ciência, Tecnologia, Inovações e Comunicações;2002;300044898;224875074;58311476;21598826
109;24000 - Ministério da Ciência, Tecnologia, Inovações e Comunicações;2003;335286342;259747860;46339837;24450671
110;24000 - Ministério da Ciência, Tecnologia, Inovações e Comunicações;2004;394923526;271879031;48668875;25919939
111;24000 - Ministério da Ciência, Tecnologia, Inovações e Comunicações;2005;592745230;381103600;75229676;35689681
112;24000 - Ministério da Ciência, Tecnologia, Inovações e Comunicações;2006;490303504;413328621;75260070;43899205
113;24000 - Ministério da Ciência, Tecnologia, Inovações e Comunicações;2007;534514062;364846818;67208631;22269152
114;24000 - Ministério da Ciência, Tecnologia, Inovações e Comunicações;2008;666306952;469866742;100118236;39290966
115;24000 - Ministério da Ciência, Tecnologia, Inovações e Comunicações;2009;724297495;531208745;112037314;37085929
116;24000 - Ministério da Ciência, Tecnologia, Inovações e Comunicações;2010;779817797;640594278;101452613;30544514
117;24000 - Ministério da Ciência, Tecnologia, Inovações e Comunicações;2011;979002052;705885616;147958364;43087877
118;24000 - Ministério da Ciência, Tecnologia, Inovações e Comunicações;2012;1241104349;865960435;210142452;21492631
119;24000 - Ministério da Ciência, Tecnologia, Inovações e Comunicações;2013;1339172778;861892303;111734665;27109844
120;24000 - Ministério da Ciência, Tecnologia, Inovações e Comunicações;2014;1256763024;863955486;145707815;36670126
121;24000 - Ministério da Ciência, Tecnologia, Inovações e Comunicações;2015;1233892474;873789234;105428599;19882628
122;24000 - Ministério da Ciência, Tecnologia, Inovações e Comunicações;2016;1484269325;1021331635;109005453;32283225
123;24000 - Ministério da Ciência, Tecnologia, Inovações e Comunicações;2017;1464881662;1007982040;137668577;42877093
124;24000 - Ministério da Ciência, Tecnologia, Inovações e Comunicações;2018;1203348262;930468021;66809398;25004849
125;24000 - Ministério da Ciência, Tecnologia, Inovações e Comunicações;2019;NA;NA;NA;NA
126;24000 - Ministério da Ciência, Tecnologia, Inovações e Comunicações;2020;NA;NA;NA;NA
127;25000 - Ministério da Economia;2000;13204117394;5342128170;113118600;30548407
128;25000 - Ministério da Economia;2001;12587058960;5952385458;168375373;48680042
129;25000 - Ministério da Economia;2002;12999074827;6499379860;199563045;69350832
130;25000 - Ministério da Economia;2003;10802162870;7759187480;60350576;23667918
131;25000 - Ministério da Economia;2004;10365138747;8772868216;114472954;60379980
132;25000 - Ministério da Economia;2005;11022019224;9047969199;351633904;202782676
133;25000 - Ministério da Economia;2006;11862029149;10354998496;331179612;52125122
134;25000 - Ministério da Economia;2007;15122807004;12762516856;269470831;47893351
135;25000 - Ministério da Economia;2008;16883547780;13972215388;173801885;22638898
136;25000 - Ministério da Economia;2009;19073312961;15676749625;177041195;27870998
137;25000 - Ministério da Economia;2010;21126727842;17000687641;231653838;49620245
138;25000 - Ministério da Economia;2011;21928210889;18335541502;386827756;209443373
139;25000 - Ministério da Economia;2012;24439278934;18979186201;1113221946;209926858
140;25000 - Ministério da Economia;2013;25978299434;20264877229;1129815809;159190193
141;25000 - Ministério da Economia;2014;28568603844;20521317778;973047456;157995280
142;25000 - Ministério da Economia;2015;32543619556;22085795511;807073576;184851828
143;25000 - Ministério da Economia;2016;26522889223;21930624178;516181531;183313173
144;25000 - Ministério da Economia;2017;28247924127;25180485823;589529454;232501906
145;25000 - Ministério da Economia;2018;30854153933;25401011383;467059175;178511926
146;25000 - Ministério da Economia;2019;7,73E+16;7,22E+16;851607828;203683556
147;25000 - Ministério da Economia;2020;8,80E+16;7,87E+16;597109010;169327297
148;26000 - Ministério da Educação;2000;14359294228;11541552456;1107120168;312975460
149;26000 - Ministério da Educação;2001;16760032191;13234679547;1468831890;508581754
150;26000 - Ministério da Educação;2002;18261210134;15760729579;984810859;305935843
151;26000 - Ministério da Educação;2003;18902857426;16570771043;709871441;245636182
152;26000 - Ministério da Educação;2004;19521090512;17157878368;695394091;264227336
153;26000 - Ministério da Educação;2005;22329424928;18082501459;1110137410;292232186
154;26000 - Ministério da Educação;2006;24904363112;21673566266;1349736722;288036017
155;26000 - Ministério da Educação;2007;29474812754;24625885394;2920772513;640838680
156;26000 - Ministério da Educação;2008;34820102236;28984386427;3748817754;739783613
157;26000 - Ministério da Educação;2009;45283180939;36388742028;5701161494;1231275183
158;26000 - Ministério da Educação;2010;58060911146;47327358112;7271410535;2642570738
159;26000 - Ministério da Educação;2011;68388140257;53551493297;9353958285;2656516692
160;26000 - Ministério da Educação;2012;85179469661;62498898963;18046331566;5614315195
161;26000 - Ministério da Educação;2013;92362047862;69913265639;13770531295;2211023664
162;26000 - Ministério da Educação;2014;1,01E+16;79730860685;14497899431;2608328317
163;26000 - Ministério da Educação;2015;1,10E+16;86019861161;13163047445;1363970692
164;26000 - Ministério da Educação;2016;1,06E+16;90683711320;6348185576;1685099241
165;26000 - Ministério da Educação;2017;1,11E+16;96611127215;6116785878;1161387017
166;26000 - Ministério da Educação;2018;1,12E+15;98161637160;4322191693;1621864747
167;26000 - Ministério da Educação;2019;1,24E+16;1,01E+16;5881335448;836128009
168;26000 - Ministério da Educação;2020;1,19E+16;99444843487;4351657589;1121549216
169;28000 - Ministério da Indústria, Comércio Exterior e Serviços;2000;1053050906;319946968;136880720;17432420
170;28000 - Ministério da Indústria, Comércio Exterior e Serviços;2001;1246706448;621586369;195026726;32822166
171;28000 - Ministério da Indústria, Comércio Exterior e Serviços;2002;1338906032;860664221;128065461;20948818
172;28000 - Ministério da Indústria, Comércio Exterior e Serviços;2003;1382960806;821117696;106148859;37629719
173;28000 - Ministério da Indústria, Comércio Exterior e Serviços;2004;1115667780;621395914;183576127;65435002
174;28000 - Ministério da Indústria, Comércio Exterior e Serviços;2005;1034899948;659861698;156622796;33756980
175;28000 - Ministério da Indústria, Comércio Exterior e Serviços;2006;1115960071;715664519;107334894;34712827
176;28000 - Ministério da Indústria, Comércio Exterior e Serviços;2007;1403307533;1050886968;218757102;168281761
177;28000 - Ministério da Indústria, Comércio Exterior e Serviços;2008;1407302149;865072532;196170723;25290533
178;28000 - Ministério da Indústria, Comércio Exterior e Serviços;2009;1774756062;1031792580;245653041;18410831
179;28000 - Ministério da Indústria, Comércio Exterior e Serviços;2010;1877270445;1153085920;300588571;25717671
180;28000 - Ministério da Indústria, Comércio Exterior e Serviços;2011;1942743064;1223741295;71888039;23198521
181;28000 - Ministério da Indústria, Comércio Exterior e Serviços;2012;3552213656;1476122794;265761544;53510466
182;28000 - Ministério da Indústria, Comércio Exterior e Serviços;2013;2851910391;1484954210;241943850;58294114
183;28000 - Ministério da Indústria, Comércio Exterior e Serviços;2014;2827574436;1650566872;174909022;35272446
184;28000 - Ministério da Indústria, Comércio Exterior e Serviços;2015;3352701600;1800639382;282283025;7254664
185;28000 - Ministério da Indústria, Comércio Exterior e Serviços;2016;3080638022;1715761515;249726809;7489654
186;28000 - Ministério da Indústria, Comércio Exterior e Serviços;2017;2715816968;1779400105;73625277;15900523
187;28000 - Ministério da Indústria, Comércio Exterior e Serviços;2018;2786751355;2175360088;42285800;9118716
188;28000 - Ministério da Indústria, Comércio Exterior e Serviços;2019;NA;NA;NA;NA
189;28000 - Ministério da Indústria, Comércio Exterior e Serviços;2020;NA;NA;NA;NA
190;30000 - Ministério da Justiça e Segurança Pública;2000;3420887639;2877614720;667364857;379156640
191;30000 - Ministério da Justiça e Segurança Pública;2001;3720323616;3082749026;845657777;603555319
192;30000 - Ministério da Justiça e Segurança Pública;2002;4210779964;3350117512;762527394;382525171
193;30000 - Ministério da Justiça e Segurança Pública;2003;4154953149;3390846339;624862829;211232625
194;30000 - Ministério da Justiça e Segurança Pública;2004;4515682402;3920064789;640752061;316032311
195;30000 - Ministério da Justiça e Segurança Pública;2005;5375463058;4217561932;664315962;301844736
196;30000 - Ministério da Justiça e Segurança Pública;2006;6176767668;5033043603;920105751;218834954
197;30000 - Ministério da Justiça e Segurança Pública;2007;7661012349;6308292340;1276281273;442030236
198;30000 - Ministério da Justiça e Segurança Pública;2008;9227604310;7309392076;1682559484;553693213
199;30000 - Ministério da Justiça e Segurança Pública;2009;9617391666;7943512514;928114230;199724200
200;30000 - Ministério da Justiça e Segurança Pública;2010;11053304431;8808372778;1304688007;216035269
201;30000 - Ministério da Justiça e Segurança Pública;2011;12271094760;8783199081;1570853586;176153129
202;30000 - Ministério da Justiça e Segurança Pública;2012;13433120652;8757418698;3248597067;356818036
203;30000 - Ministério da Justiça e Segurança Pública;2013;12849894089;9213095914;2400182290;384550802
204;30000 - Ministério da Justiça e Segurança Pública;2014;12756351338;9224181566;1871913311;122254675
205;30000 - Ministério da Justiça e Segurança Pública;2015;13484627648;9962542811;1715859306;62476408
206;30000 - Ministério da Justiça e Segurança Pública;2016;15750019143;11972693039;2600819143;1193081641
207;30000 - Ministério da Justiça e Segurança Pública;2017;17066014731;13093874951;2292861021;538756730
208;30000 - Ministério da Justiça e Segurança Pública;2018;16814108168;12356004694;1799567408;214831311
209;30000 - Ministério da Justiça e Segurança Pública;2019;18546428199;12999760782;2748115868;375246720
210;30000 - Ministério da Justiça e Segurança Pública;2020;19281885360;14591430391;2985675016;1086689626
211;32000 - Ministério de Minas e Energia;2000;753366100;485156504;63386795;7818980
212;32000 - Ministério de Minas e Energia;2001;1284219250;733318953;141609773;10606837
213;32000 - Ministério de Minas e Energia;2002;3013377442;1692544345;237917965;12476761
214;32000 - Ministério de Minas e Energia;2003;2907750529;1316499572;134712642;10457923
215;32000 - Ministério de Minas e Energia;2004;3045794020;601780800;66374714;34837501
216;32000 - Ministério de Minas e Energia;2005;4491759944;771721977;40411468;13133413
217;32000 - Ministério de Minas e Energia;2006;4353893635;683390152;34915278;14497245
218;32000 - Ministério de Minas e Energia;2007;5488880956;799620574;49986107;15323853
219;32000 - Ministério de Minas e Energia;2008;6291880844;1009428969;62547581;12116672
220;32000 - Ministério de Minas e Energia;2009;7327283033;1109764189;68885134;20661140
221;32000 - Ministério de Minas e Energia;2010;7377248706;1150165321;113840076;18160784
222;32000 - Ministério de Minas e Energia;2011;8162054183;1316554641;184523061;15345408
223;32000 - Ministério de Minas e Energia;2012;8205096332;1354471932;168652198;25378631
224;32000 - Ministério de Minas e Energia;2013;11078925356;1533538318;214968724;33988706
225;32000 - Ministério de Minas e Energia;2014;5010696034;1617630990;148296897;17412151
226;32000 - Ministério de Minas e Energia;2015;4532093237;2387437599;141187688;15330485
227;32000 - Ministério de Minas e Energia;2016;8321866339;5426842788;100611047;33209922
228;32000 - Ministério de Minas e Energia;2017;4001715662;2705513818;69935550;6887364
229;32000 - Ministério de Minas e Energia;2018;15461092392;7517143198;101741924;18571172
230;32000 - Ministério de Minas e Energia;2019;43623193759;38232590440;179358994;34086238
231;32000 - Ministério de Minas e Energia;2020;7978833355;4819454138;121624950;37204409
232;33000 - Ministério da Previdência Social;2000;75552882847;74270255428;93046373;39712198
233;33000 - Ministério da Previdência Social;2001;86777469658;85754729000;175750318;23655361
234;33000 - Ministério da Previdência Social;2002;1,00E+16;98867996096;157917037;13869137
235;33000 - Ministério da Previdência Social;2003;1,16E+15;1,13E+16;57218489;4615762
236;33000 - Ministério da Previdência Social;2004;1,34E+16;1,32E+16;41050725;8087499
237;33000 - Ministério da Previdência Social;2005;1,55E+16;1,53E+15;100906731;5770782
238;33000 - Ministério da Previdência Social;2006;1,75E+16;1,74E+16;208164288;21901750
239;33000 - Ministério da Previdência Social;2007;1,93E+16;1,92E+16;131250000;12685811
240;33000 - Ministério da Previdência Social;2008;2,12E+16;1,94E+16;172228238;22559044
241;33000 - Ministério da Previdência Social;2009;2,41E+16;2,24E+16;781788118;22747000
242;33000 - Ministério da Previdência Social;2010;2,68E+16;2,54E+16;186468950;35263914
243;33000 - Ministério da Previdência Social;2011;2,96E+16;2,81E+16;157984976;15794769
244;33000 - Ministério da Previdência Social;2012;3,32E+16;3,16E+16;329972988;40663309
245;33000 - Ministério da Previdência Social;2013;3,72E+16;3,56E+16;217920119;19731634
246;33000 - Ministério da Previdência Social;2014;4,16E+16;3,92E+16;148575538;76750933
247;33000 - Ministério da Previdência Social;2015;4,55E+16;4,28E+16;43218871;12957771
248;33000 - Ministério da Previdência Social;2016;0;0;0;0
249;33000 - Ministério da Previdência Social;2017;NA;NA;NA;NA
250;33000 - Ministério da Previdência Social;2018;NA;NA;NA;NA
251;33000 - Ministério da Previdência Social;2019;NA;NA;NA;NA
252;33000 - Ministério da Previdência Social;2020;NA;NA;NA;NA
253;34000 - Ministério Público da União;2000;754815641;740812056;28363243;22139192
254;34000 - Ministério Público da União;2001;945293855;908315134;46449473;20565782
255;34000 - Ministério Público da União;2002;1131954560;1096246467;28823463;12332725
256;34000 - Ministério Público da União;2003;1468457120;1431106423;32990959;12291872
257;34000 - Ministério Público da União;2004;1615314965;1518695269;48857391;19896528
258;34000 - Ministério Público da União;2005;1986183802;1667071734;93852805;25857782
259;34000 - Ministério Público da União;2006;2370810025;2131802600;123653954;27809597
260;34000 - Ministério Público da União;2007;2925593176;2355222516;242267767;36594711
261;34000 - Ministério Público da União;2008;3172461906;2888835086;162317571;11951643
262;34000 - Ministério Público da União;2009;3345387818;3071952121;155092787;13765537
263;34000 - Ministério Público da União;2010;3607271763;3303125744;163541445;25052986
264;34000 - Ministério Público da União;2011;3894978505;3438072106;251040632;33306884
265;34000 - Ministério Público da União;2012;4013858174;3590864338;292746392;21489124
266;34000 - Ministério Público da União;2013;4657083464;4150980362;321093650;28402110
267;34000 - Ministério Público da União;2014;5039511719;4592764396;277165540;46748214
268;34000 - Ministério Público da União;2015;5994361998;5298852923;465344938;62393137
269;34000 - Ministério Público da União;2016;5885637940;5662014538;172101654;54265568
270;34000 - Ministério Público da União;2017;6611874219;6326433575;217374117;94906432
271;34000 - Ministério Público da União;2018;6725707668;6461018504;120296250;75722528
272;34000 - Ministério Público da União;2019;7177652852;6913205460;81226110;41430229
273;34000 - Ministério Público da União;2020;7451125140;7335478493;169206988;116481573
274;35000 - Ministério das Relações Exteriores;2000;814814123;830179797;16759729;10825246
275;35000 - Ministério das Relações Exteriores;2001;1007040716;1003157126;17264894;10309121
276;35000 - Ministério das Relações Exteriores;2002;1278837222;1426925908;12605000;15632209
277;35000 - Ministério das Relações Exteriores;2003;1333866967;1252837526;12776090;8734581
278;35000 - Ministério das Relações Exteriores;2004;1853305765;1370666711;39665186;27616551
279;35000 - Ministério das Relações Exteriores;2005;1842500688;1525761381;68151689;62921888
280;35000 - Ministério das Relações Exteriores;2006;1642401788;1501281648;39506376;21944256
281;35000 - Ministério das Relações Exteriores;2007;1966881218;1620953822;27159236;21832925
282;35000 - Ministério das Relações Exteriores;2008;1889502508;2049145090;38569180;40606430
283;35000 - Ministério das Relações Exteriores;2009;2096962945;1735373197;54415987;41182360
284;35000 - Ministério das Relações Exteriores;2010;2454875566;2089697232;8,10E+07;36474174
285;35000 - Ministério das Relações Exteriores;2011;2520589665;2155615828;60315000;28705204
286;35000 - Ministério das Relações Exteriores;2012;2649969128;2484578709;102461500;43604419
287;35000 - Ministério das Relações Exteriores;2013;2619444587;2494945961;33944500;16648753
288;35000 - Ministério das Relações Exteriores;2014;2680771277;2669999494;32121266;26471477
289;35000 - Ministério das Relações Exteriores;2015;3375592276;3397099674;69494042;18588495
290;35000 - Ministério das Relações Exteriores;2016;3558524635;2974176983;52934401;20156945
291;35000 - Ministério das Relações Exteriores;2017;3196688847;3110151196;47700711;23406368
292;35000 - Ministério das Relações Exteriores;2018;3678850884;3481107440;76910125;45765601
293;35000 - Ministério das Relações Exteriores;2019;3994449554;3586822883;67467000;39596758
294;35000 - Ministério das Relações Exteriores;2020;4529619252;4173880035;24934124;12964497
295;36000 - Ministério da Saúde;2000;23544545044;20840655477;1686298951;202780679
296;36000 - Ministério da Saúde;2001;27211001298;23235189033;2961380874;381356013
297;36000 - Ministério da Saúde;2002;29925612516;26027957018;2418924125;476853178
298;36000 - Ministério da Saúde;2003;31173255487;28219878370;1427164743;173163772
299;36000 - Ministério da Saúde;2004;38216590428;33652264131;2496791961;574587368
300;36000 - Ministério da Saúde;2005;42931340522;36845040043;2589449989;265718665
301;36000 - Ministério da Saúde;2006;46180558742;39949908860;3316729809;431530233
302;36000 - Ministério da Saúde;2007;52992319275;43839983401;4714740331;208289099
303;36000 - Ministério da Saúde;2008;56736426612;48421304530;3940089746;278106508
304;36000 - Ministério da Saúde;2009;64328379880;54319012576;4263054204;353684527
305;36000 - Ministério da Saúde;2010;69790948315;60924192394;4580980079;667007566
306;36000 - Ministério da Saúde;2011;80873978125;70101574690;5752205868;730674040
307;36000 - Ministério da Saúde;2012;95903835874;78272325636;12142587347;1310363864
308;36000 - Ministério da Saúde;2013;1,01E+16;83825836820;9382218737;1246894919
309;36000 - Ministério da Saúde;2014;1,08E+16;94107630692;9444750766;1481059029
310;36000 - Ministério da Saúde;2015;1,21E+16;1,02E+16;10286884924;1125731606
311;36000 - Ministério da Saúde;2016;1,21E+16;1,09E+16;6769116206;2023832202
312;36000 - Ministério da Saúde;2017;1,30E+16;1,12E+16;8216962892;922360567
313;36000 - Ministério da Saúde;2018;1,32E+16;1,17E+14;5416571103;1975694305
314;36000 - Ministério da Saúde;2019;1,38E+16;1,24E+16;4506624961;1179557218
315;36000 - Ministério da Saúde;2020;1,98E+16;1,60E+16;6160946348;3212149464
316;37000 - Controladoria-Geral da União;2000;NA;NA;NA;NA
317;37000 - Controladoria-Geral da União;2001;NA;NA;NA;NA
318;37000 - Controladoria-Geral da União;2002;NA;NA;NA;NA
319;37000 - Controladoria-Geral da União;2003;NA;NA;NA;NA
320;37000 - Controladoria-Geral da União;2004;NA;NA;NA;NA
321;37000 - Controladoria-Geral da União;2005;NA;NA;NA;NA
322;37000 - Controladoria-Geral da União;2006;NA;NA;NA;NA
323;37000 - Controladoria-Geral da União;2007;NA;NA;NA;NA
324;37000 - Controladoria-Geral da União;2008;NA;NA;NA;NA
325;37000 - Controladoria-Geral da União;2009;NA;NA;NA;NA
326;37000 - Controladoria-Geral da União;2010;NA;NA;NA;NA
327;37000 - Controladoria-Geral da União;2011;NA;NA;NA;NA
328;37000 - Controladoria-Geral da União;2012;NA;NA;NA;NA
329;37000 - Controladoria-Geral da União;2013;NA;NA;NA;NA
330;37000 - Controladoria-Geral da União;2014;NA;NA;NA;NA
331;37000 - Controladoria-Geral da União;2015;NA;NA;NA;NA
332;37000 - Controladoria-Geral da União;2016;NA;NA;NA;NA
333;37000 - Controladoria-Geral da União;2017;1023771647;966258197;11084782;2966852
334;37000 - Controladoria-Geral da União;2018;1082654205;954904898;14000725;5253477
335;37000 - Controladoria-Geral da União;2019;1142790180;1006400325;21167516;4180395
336;37000 - Controladoria-Geral da União;2020;1149166257;1034224350;19709525;3346831
337;38000 - Ministério do Trabalho e Emprego;2000;10425294687;9677040852;63600505;27296973
338;38000 - Ministério do Trabalho e Emprego;2001;11817490854;11410656277;109026126;47402816
339;38000 - Ministério do Trabalho e Emprego;2002;15410471635;14713713280;88380760;42492386
340;38000 - Ministério do Trabalho e Emprego;2003;21698290775;17076014075;31271876;13927036
341;38000 - Ministério do Trabalho e Emprego;2004;28464803113;19118394606;45209426;18265430
342;38000 - Ministério do Trabalho e Emprego;2005;31530616493;22890632655;34799277;18748088
343;38000 - Ministério do Trabalho e Emprego;2006;35028110031;27145549138;29947846;18991330
344;38000 - Ministério do Trabalho e Emprego;2007;36323164763;29695101004;50985893;29814737
345;38000 - Ministério do Trabalho e Emprego;2008;40876974466;34056365114;98032749;19103554
346;38000 - Ministério do Trabalho e Emprego;2009;46253005761;41470991646;67315196;9660980
347;38000 - Ministério do Trabalho e Emprego;2010;47649711625;46004302616;53687466;6560422
348;38000 - Ministério do Trabalho e Emprego;2011;55738243295;53308332356;92221614;11427921
349;38000 - Ministério do Trabalho e Emprego;2012;67690195669;57896420816;116716835;10740947
350;38000 - Ministério do Trabalho e Emprego;2013;70629978975;64786547212;97529095;5348359
351;38000 - Ministério do Trabalho e Emprego;2014;77070781638;70651940769;114044149;11302427
352;38000 - Ministério do Trabalho e Emprego;2015;86683256512;82031906077;146429031;9547003
353;38000 - Ministério do Trabalho e Emprego;2016;0;0;0;0
354;38000 - Ministério do Trabalho e Emprego;2017;NA;NA;NA;NA
355;38000 - Ministério do Trabalho e Emprego;2018;NA;NA;NA;NA
356;38000 - Ministério do Trabalho e Emprego;2019;NA;NA;NA;NA
357;38000 - Ministério do Trabalho e Emprego;2020;NA;NA;NA;NA
358;39000 - Ministério da Infraestrutura;2000;8135633921;3643141445;4293262799;1473053487
359;39000 - Ministério da Infraestrutura;2001;8066401025;4771052265;4152580690;1552166178
360;39000 - Ministério da Infraestrutura;2002;10880189948;5573962719;3927069779;943660566
361;39000 - Ministério da Infraestrutura;2003;11546308895;3359051408;3091957985;370670727
362;39000 - Ministério da Infraestrutura;2004;9978646230;3710965983;3603381574;1041056729
363;39000 - Ministério da Infraestrutura;2005;10197955383;4804367739;6565282216;2065904152
364;39000 - Ministério da Infraestrutura;2006;9652097975;4836135784;6198310066;2040196730
365;39000 - Ministério da Infraestrutura;2007;14368792580;6333000189;10878169185;3372103129
366;39000 - Ministério da Infraestrutura;2008;15119964134;4982875467;10977034474;2075908149
367;39000 - Ministério da Infraestrutura;2009;16691039013;7725403120;12558970312;4307124102
368;39000 - Ministério da Infraestrutura;2010;21249921408;10394067077;16274300187;6676753957
369;39000 - Ministério da Infraestrutura;2011;22321856817;10353591784;17116207955;6079396610
370;39000 - Ministério da Infraestrutura;2012;28348000890;9169820724;23163081844;4723282806
371;39000 - Ministério da Infraestrutura;2013;21124197377;9079670547;15181987707;4369416370
372;39000 - Ministério da Infraestrutura;2014;21730763598;9998181329;16305813264;5225165065
373;39000 - Ministério da Infraestrutura;2015;19083215035;7122987870;12917391607;1968974729
374;39000 - Ministério da Infraestrutura;2016;13977448475;8909163446;8167761981;3557165552
375;39000 - Ministério da Infraestrutura;2017;26124487611;14657779043;10003831064;5562804953
376;39000 - Ministério da Infraestrutura;2018;20035633212;12249926243;8428047373;5344537698
377;39000 - Ministério da Infraestrutura;2019;21114197720;11952260695;7702299595;4773912572
378;39000 - Ministério da Infraestrutura;2020;22590072422;10559612835;8450015694;5133576388
379;40000 - Ministério do Trabalho;2000;NA;NA;NA;NA
380;40000 - Ministério do Trabalho;2001;NA;NA;NA;NA
381;40000 - Ministério do Trabalho;2002;NA;NA;NA;NA
382;40000 - Ministério do Trabalho;2003;NA;NA;NA;NA
383;40000 - Ministério do Trabalho;2004;NA;NA;NA;NA
384;40000 - Ministério do Trabalho;2005;NA;NA;NA;NA
385;40000 - Ministério do Trabalho;2006;NA;NA;NA;NA
386;40000 - Ministério do Trabalho;2007;NA;NA;NA;NA
387;40000 - Ministério do Trabalho;2008;NA;NA;NA;NA
388;40000 - Ministério do Trabalho;2009;NA;NA;NA;NA
389;40000 - Ministério do Trabalho;2010;NA;NA;NA;NA
390;40000 - Ministério do Trabalho;2011;NA;NA;NA;NA
391;40000 - Ministério do Trabalho;2012;NA;NA;NA;NA
392;40000 - Ministério do Trabalho;2013;NA;NA;NA;NA
393;40000 - Ministério do Trabalho;2014;NA;NA;NA;NA
394;40000 - Ministério do Trabalho;2015;NA;NA;NA;NA
395;40000 - Ministério do Trabalho;2016;6,09E+16;5,89E+16;140982714;28438938
396;40000 - Ministério do Trabalho;2017;86446117261;77888666875;94782384;27460249
397;40000 - Ministério do Trabalho;2018;84001509692;78475811483;55202550;6526485
398;40000 - Ministério do Trabalho;2019;NA;NA;NA;NA
399;40000 - Ministério do Trabalho;2020;NA;NA;NA;NA
400;41000 - Ministério das Comunicações;2000;870019447;643166115;82832731;7352169
401;41000 - Ministério das Comunicações;2001;2331369733;764813228;1008090784;18072661
402;41000 - Ministério das Comunicações;2002;2843773141;918412671;823304266;31431723
403;41000 - Ministério das Comunicações;2003;2038887405;958070891;55156044;10274925
404;41000 - Ministério das Comunicações;2004;2203222250;972796577;62900855;13451725
405;41000 - Ministério das Comunicações;2005;3661098976;1013807642;150681968;12477180
406;41000 - Ministério das Comunicações;2006;4039328645;1052371635;120311424;9212454
407;41000 - Ministério das Comunicações;2007;4900245467;1149094411;175565323;9775204
408;41000 - Ministério das Comunicações;2008;5007170343;1149047166;38384381;1021983
409;41000 - Ministério das Comunicações;2009;6546283358;1275710269;114151836;2000338
410;41000 - Ministério das Comunicações;2010;3404772540;1412985938;92359270;5267787
411;41000 - Ministério das Comunicações;2011;4532969945;1580117262;122521956;18173086
412;41000 - Ministério das Comunicações;2012;5659737846;1485940033;185972583;4401341
413;41000 - Ministério das Comunicações;2013;5338799923;1630145807;156269148;8332746
414;41000 - Ministério das Comunicações;2014;13099967863;1898721950;129127111;4295259
415;41000 - Ministério das Comunicações;2015;11203057174;1942289092;81113931;1705344
416;41000 - Ministério das Comunicações;2016;6642511995;2329753568;40824850;4860644
417;41000 - Ministério das Comunicações;2017;NA;NA;NA;NA
418;41000 - Ministério das Comunicações;2018;NA;NA;NA;NA
419;41000 - Ministério das Comunicações;2019;NA;NA;NA;NA
420;41000 - Ministério das Comunicações;2020;NA;NA;NA;NA
421;42000 - Ministério da Cultura;2000;325449005;225411232;65698096;26804478
422;42000 - Ministério da Cultura;2001;365588537;238860722;68421060;20243158
423;42000 - Ministério da Cultura;2002;415231962;245792772;100678078;12314840
424;42000 - Ministério da Cultura;2003;397424726;227507371;81905305;5829673
425;42000 - Ministério da Cultura;2004;523658926;308432352;97761116;12665068
426;42000 - Ministério da Cultura;2005;670823593;403276986;129199915;37777160
427;42000 - Ministério da Cultura;2006;787585683;474095701;147996602;28874049
428;42000 - Ministério da Cultura;2007;1077744578;497484984;271167573;27379005
429;42000 - Ministério da Cultura;2008;1334519461;631120034;263106067;23449591
430;42000 - Ministério da Cultura;2009;1389828988;795719115;206370091;21735531
431;42000 - Ministério da Cultura;2010;2292155141;920332559;436228889;49887586
432;42000 - Ministério da Cultura;2011;2168483220;759486890;516823037;20926487
433;42000 - Ministério da Cultura;2012;3025690190;988126694;898416372;85102047
434;42000 - Ministério da Cultura;2013;3387770611;1009012354;1078491053;108049706
435;42000 - Ministério da Cultura;2014;3327434400;1054817413;510507202;30968628
436;42000 - Ministério da Cultura;2015;3364096163;1014871065;380554371;37790855
437;42000 - Ministério da Cultura;2016;2587463803;1114839004;204649996;68894971
438;42000 - Ministério da Cultura;2017;2647913077;1200838601;234113246;82911059
439;42000 - Ministério da Cultura;2018;2618581906;1167182603;217984471;100595011
440;42000 - Ministério da Cultura;2019;NA;NA;NA;NA
441;42000 - Ministério da Cultura;2020;NA;NA;NA;NA
442;44000 - Ministério do Meio Ambiente;2000;893418000;575009695;200919070;83366815
443;44000 - Ministério do Meio Ambiente;2001;1248137268;793321523;264155268;110481659
444;44000 - Ministério do Meio Ambiente;2002;1661617646;798574845;530058917;55928205
445;44000 - Ministério do Meio Ambiente;2003;1503793146;791445235;258749636;17395264
446;44000 - Ministério do Meio Ambiente;2004;1774172534;971265513;120212143;21395313
447;44000 - Ministério do Meio Ambiente;2005;2244690389;1040612166;134254503;21903205
448;44000 - Ministério do Meio Ambiente;2006;2391458395;1205785912;122747390;37633998
449;44000 - Ministério do Meio Ambiente;2007;2799755678;1370670707;93423114;15986107
450;44000 - Ministério do Meio Ambiente;2008;3158687104;1426282601;158143602;14591289
451;44000 - Ministério do Meio Ambiente;2009;3523290327;1553352760;101423436;7011717
452;44000 - Ministério do Meio Ambiente;2010;3871481051;1818082901;94190949;15512377
453;44000 - Ministério do Meio Ambiente;2011;3703330787;2049169869;165186411;24169000
454;44000 - Ministério do Meio Ambiente;2012;3877384466;2023898810;262647759;12102800
455;44000 - Ministério do Meio Ambiente;2013;4695275887;2252969280;196461868;26149758
456;44000 - Ministério do Meio Ambiente;2014;3316215388;2410630337;201593570;23653869
457;44000 - Ministério do Meio Ambiente;2015;3331061237;2484340581;162166571;14166576
458;44000 - Ministério do Meio Ambiente;2016;3137805790;2619154559;108486248;4031045
459;44000 - Ministério do Meio Ambiente;2017;3926652505;3009084787;197389726;27944609
460;44000 - Ministério do Meio Ambiente;2018;3379813136;2564001689;102085005;28200928
461;44000 - Ministério do Meio Ambiente;2019;3626450439;2392841139;151358006;9890475
462;44000 - Ministério do Meio Ambiente;2020;2963154740;2163255380;72037340;2599567
463;47000 - Ministério do Planejamento, Desenvolvimento e Gestão;2000;1655914296;1381872941;45789647;22107179
464;47000 - Ministério do Planejamento, Desenvolvimento e Gestão;2001;1508194331;1323412640;21186379;11718862
465;47000 - Ministério do Planejamento, Desenvolvimento e Gestão;2002;1720718879;1463444409;15470199;1903931
466;47000 - Ministério do Planejamento, Desenvolvimento e Gestão;2003;1770568831;1565103346;10892509;2323477
467;47000 - Ministério do Planejamento, Desenvolvimento e Gestão;2004;2316850948;1518679145;26623751;6300374
468;47000 - Ministério do Planejamento, Desenvolvimento e Gestão;2005;2199280761;1673580402;30826785;2453189
469;47000 - Ministério do Planejamento, Desenvolvimento e Gestão;2006;2630416403;2153518142;177777378;16319680
470;47000 - Ministério do Planejamento, Desenvolvimento e Gestão;2007;4682381607;3009740350;55300662;7503950
471;47000 - Ministério do Planejamento, Desenvolvimento e Gestão;2008;4106095291;2623121584;53647066;3484045
472;47000 - Ministério do Planejamento, Desenvolvimento e Gestão;2009;4723132378;3205811067;132995992;21734565
473;47000 - Ministério do Planejamento, Desenvolvimento e Gestão;2010;5947054781;4640162840;120619370;65560886
474;47000 - Ministério do Planejamento, Desenvolvimento e Gestão;2011;5037006047;3726350719;42470049;2734854
475;47000 - Ministério do Planejamento, Desenvolvimento e Gestão;2012;6939190536;3944257702;1819083288;4292967
476;47000 - Ministério do Planejamento, Desenvolvimento e Gestão;2013;7858043093;4656202950;252976510;45849851
477;47000 - Ministério do Planejamento, Desenvolvimento e Gestão;2014;6319790482;4572349977;193652315;5298456
478;47000 - Ministério do Planejamento, Desenvolvimento e Gestão;2015;5545657045;4795297373;48337410;6949448
479;47000 - Ministério do Planejamento, Desenvolvimento e Gestão;2016;6210137332;5312055898;118366566;10786472
480;47000 - Ministério do Planejamento, Desenvolvimento e Gestão;2017;7335093981;6052159378;135840879;58789158
481;47000 - Ministério do Planejamento, Desenvolvimento e Gestão;2018;7736455726;5796060044;88416297;20685038
482;47000 - Ministério do Planejamento, Desenvolvimento e Gestão;2019;0;253;NA;NA
483;47000 - Ministério do Planejamento, Desenvolvimento e Gestão;2020;NA;NA;NA;NA
484;49000 - Ministério do Desenvolvimento Agrário;2000;1848231746;1029138002;274640901;77119519
485;49000 - Ministério do Desenvolvimento Agrário;2001;2002849043;1219580909;382192200;47396295
486;49000 - Ministério do Desenvolvimento Agrário;2002;2227903495;1434005467;392940946;66334532
487;49000 - Ministério do Desenvolvimento Agrário;2003;2305761190;1358452786;256995710;40435644
488;49000 - Ministério do Desenvolvimento Agrário;2004;2530290966;1877146775;384938379;117139459
489;49000 - Ministério do Desenvolvimento Agrário;2005;3308360050;2568927328;464731747;206227422
490;49000 - Ministério do Desenvolvimento Agrário;2006;3740880866;2782915072;638743899;244499174
491;49000 - Ministério do Desenvolvimento Agrário;2007;4122113346;2943106587;768333722;246413018
492;49000 - Ministério do Desenvolvimento Agrário;2008;4725002030;2289154879;786350942;118509712
493;49000 - Ministério do Desenvolvimento Agrário;2009;4619805477;2493379271;906942273;102678352
494;49000 - Ministério do Desenvolvimento Agrário;2010;5108776117;2631327230;1003952768;102081441
495;49000 - Ministério do Desenvolvimento Agrário;2011;4811194438;2496148151;1070673307;81569526
496;49000 - Ministério do Desenvolvimento Agrário;2012;6988642631;2426774778;2439056936;65526631
497;49000 - Ministério do Desenvolvimento Agrário;2013;9655532511;3443023293;4437302953;436954313
498;49000 - Ministério do Desenvolvimento Agrário;2014;5622126874;3051469168;782867867;54475761
499;49000 - Ministério do Desenvolvimento Agrário;2015;6118401247;2967991783;1091378072;14967701
500;49000 - Ministério do Desenvolvimento Agrário;2016;4096221902;3130297046;370546401;81911930
501;49000 - Ministério do Desenvolvimento Agrário;2017;0;0;NA;NA
502;49000 - Ministério do Desenvolvimento Agrário;2018;NA;NA;NA;NA
503;49000 - Ministério do Desenvolvimento Agrário;2019;NA;NA;NA;NA
504;49000 - Ministério do Desenvolvimento Agrário;2020;NA;NA;NA;NA
505;51000 - Ministério do Esporte;2000;515449597;230217891;326281112;88189346
506;51000 - Ministério do Esporte;2001;833593457;225425787;559096669;56450263
507;51000 - Ministério do Esporte;2002;767557239;251581886;503611827;72431609
508;51000 - Ministério do Esporte;2003;380229032;65624292;252700940;20281048
509;51000 - Ministério do Esporte;2004;384098327;147956896;249620286;46962794
510;51000 - Ministério do Esporte;2005;685548543;110233453;463978719;11760052
511;51000 - Ministério do Esporte;2006;1019433029;266516355;572903496;92034042
512;51000 - Ministério do Esporte;2007;1576050262;754739742;707895494;173017277
513;51000 - Ministério do Esporte;2008;1407860822;204685444;892507913;10617856
514;51000 - Ministério do Esporte;2009;1467016588;147294194;1031339136;4311502
515;51000 - Ministério do Esporte;2010;2079264662;257918944;1284528739;9185223
516;51000 - Ministério do Esporte;2011;2815895925;314043064;1591011912;18390182
517;51000 - Ministério do Esporte;2012;3633223302;401961681;2165602531;15766292
518;51000 - Ministério do Esporte;2013;4173961187;413457944;2836998989;38263601
519;51000 - Ministério do Esporte;2014;3349128330;843573951;2290062356;418869468
520;51000 - Ministério do Esporte;2015;3473526867;663037557;2578877661;260245934
521;51000 - Ministério do Esporte;2016;1740685964;483241806;1023616523;205383427
522;51000 - Ministério do Esporte;2017;1577127013;320000675;908835102;112498365
523;51000 - Ministério do Esporte;2018;1381518571;273389145;798545102;56739419
524;51000 - Ministério do Esporte;2019;NA;NA;NA;NA
525;51000 - Ministério do Esporte;2020;NA;NA;NA;NA
526;52000 - Ministério da Defesa;2000;21731141998;19642033993;1841407638;1230127230
527;52000 - Ministério da Defesa;2001;25485700435;23961184115;1930521338;1164584761
528;52000 - Ministério da Defesa;2002;29004079074;26930117850;2117374260;1042922260
529;52000 - Ministério da Defesa;2003;28824322889;25015916192;1469079037;474979765
530;52000 - Ministério da Defesa;2004;30817948169;27308310277;1641696396;851801221
531;52000 - Ministério da Defesa;2005;34994908939;30759497458;2004274677;909636686
532;52000 - Ministério da Defesa;2006;38406483176;34487207155;2304947417;1153997193
533;52000 - Ministério da Defesa;2007;41709137150;37765050922;3058961723;1397155304
534;52000 - Ministério da Defesa;2008;48044147513;40713280631;4114580754;2001958505
535;52000 - Ministério da Defesa;2009;55286016591;48007198108;7127069716;2930756623
536;52000 - Ministério da Defesa;2010;63371154424;55259374780;9939780964;5401018451
537;52000 - Ministério da Defesa;2011;64576589525;57224496113;7496740840;3805174710
538;52000 - Ministério da Defesa;2012;72438000180;59750154875;13928475730;5162740525
539;52000 - Ministério da Defesa;2013;74392376930;64095150332;9974969558;4248670467
540;52000 - Ministério da Defesa;2014;80961206895;70877260931;9764000107;4791982106
541;52000 - Ministério da Defesa;2015;87950435439;73843568577;11194605080;2468023908
542;52000 - Ministério da Defesa;2016;86435912282;79740762836;7313613463;4519726458
543;52000 - Ministério da Defesa;2017;94987261952;87625639492;8870095530;5884596238
544;52000 - Ministério da Defesa;2018;1,05E+16;91686035922;8539147252;6115234113
545;52000 - Ministério da Defesa;2019;1,15E+16;1,01E+15;8135320946;5544210205
546;52000 - Ministério da Defesa;2020;1,16E+16;1,00E+16;7726418312;5858564623
547;53000 - Ministério do Desenvolvimento Regional;2000;5198575153;4015414327;1617168656;723910874
548;53000 - Ministério do Desenvolvimento Regional;2001;6956364492;4228380754;2254631909;579713142
549;53000 - Ministério do Desenvolvimento Regional;2002;7346670873;4381158689;2145081369;465302806
550;53000 - Ministério do Desenvolvimento Regional;2003;7046859096;3961846351;1834117774;108619033
551;53000 - Ministério do Desenvolvimento Regional;2004;6045737995;4732141200;1266527281;375637087
552;53000 - Ministério do Desenvolvimento Regional;2005;7882293369;5253682420;2477019460;410030099
553;53000 - Ministério do Desenvolvimento Regional;2006;7777893214;5460397251;1974230675;323263113
554;53000 - Ministério do Desenvolvimento Regional;2007;10838557940;6216999628;4200408959;446998559
555;53000 - Ministério do Desenvolvimento Regional;2008;13494942705;7878998890;5497814993;593054035
556;53000 - Ministério do Desenvolvimento Regional;2009;14838806373;8628942889;5658201370;1331822946
557;53000 - Ministério do Desenvolvimento Regional;2010;9186117398;3911960278;7171064499;2289914286
558;53000 - Ministério do Desenvolvimento Regional;2011;7639556196;2375274867;5527806886;780030755
559;53000 - Ministério do Desenvolvimento Regional;2012;12494846403;3596446683;9261998068;1348124053
560;53000 - Ministério do Desenvolvimento Regional;2013;12305953802;4988364194;7368349347;1932090230
561;53000 - Ministério do Desenvolvimento Regional;2014;11225483616;4446702365;7506030069;1747999598
562;53000 - Ministério do Desenvolvimento Regional;2015;9038678914;3479024827;5911675354;1139206856
563;53000 - Ministério do Desenvolvimento Regional;2016;7803631742;3875131166;5121455551;1562317122
564;53000 - Ministério do Desenvolvimento Regional;2017;8711941691;3795148205;5613582970;1183668718
565;53000 - Ministério do Desenvolvimento Regional;2018;7304284582;3538869037;4578079109;1348680335
566;53000 - Ministério do Desenvolvimento Regional;2019;18958684391;10691594811;9408593370;2139219093
567;53000 - Ministério do Desenvolvimento Regional;2020;19501005933;9107596968;11886431604;2752398682
568;54000 - Ministério do Turismo;2000;NA;NA;NA;NA
569;54000 - Ministério do Turismo;2001;NA;NA;NA;NA
570;54000 - Ministério do Turismo;2002;NA;NA;NA;NA
571;54000 - Ministério do Turismo;2003;377764313;87628267;216778500;6978410
572;54000 - Ministério do Turismo;2004;508305851;252981788;252700498;87812215
573;54000 - Ministério do Turismo;2005;1037087878;333079613;649807883;87964077
574;54000 - Ministério do Turismo;2006;1702161649;682269820;1310069071;387978415
575;54000 - Ministério do Turismo;2007;2102299225;600547529;1548598000;219698579
576;54000 - Ministério do Turismo;2008;3026665318;546429168;2258686364;87236906
577;54000 - Ministério do Turismo;2009;2949811567;557868582;2090875007;32398033
578;54000 - Ministério do Turismo;2010;4224224349;640386030;3111162217;85101412
579;54000 - Ministério do Turismo;2011;3728918622;250374880;2613914832;10548993
580;54000 - Ministério do Turismo;2012;3495052294;295696609;2836289684;15754132
581;54000 - Ministério do Turismo;2013;3641532245;272437681;3160667852;13919457
582;54000 - Ministério do Turismo;2014;1622486104;244981149;1195143609;18601689
583;54000 - Ministério do Turismo;2015;2067231552;195301597;1559138681;2853911
584;54000 - Ministério do Turismo;2016;1054310429;212831095;691445767;3877533
585;54000 - Ministério do Turismo;2017;986213262;205096946;671211594;16038631
586;54000 - Ministério do Turismo;2018;1246779682;235243340;961791666;17890336
587;54000 - Ministério do Turismo;2019;935617833;177042391;607554564;1938674
588;54000 - Ministério do Turismo;2020;2176069758;646995357;868417269;22592925
589;55000 - Ministério da Cidadania;2000;NA;NA;NA;NA
590;55000 - Ministério da Cidadania;2001;NA;NA;NA;NA
591;55000 - Ministério da Cidadania;2002;NA;NA;NA;NA
592;55000 - Ministério da Cidadania;2003;5743362676;5352895289;111591173;769403
593;55000 - Ministério da Cidadania;2004;14336507580;13597714547;184612603;87399371
594;55000 - Ministério da Cidadania;2005;15997744394;15511819816;184526373;87350943
595;55000 - Ministério da Cidadania;2006;22597154985;21286274568;203600940;89468106
596;55000 - Ministério da Cidadania;2007;24864390988;24503304223;233460159;83403362
597;55000 - Ministério da Cidadania;2008;29123434885;28451367463;196542219;77039770
598;55000 - Ministério da Cidadania;2009;34330823091;32961325721;319573896;103142080
599;55000 - Ministério da Cidadania;2010;39738117581;38984810525;365917945;163712399
600;55000 - Ministério da Cidadania;2011;46311314202;45177098214;516782778;293878786
601;55000 - Ministério da Cidadania;2012;58053341582;53855204289;1468229485;374972333
602;55000 - Ministério da Cidadania;2013;65114037322;60300380622;1008141861;58001302
603;55000 - Ministério da Cidadania;2014;71291877788;67177797342;806726374;208661896
604;55000 - Ministério da Cidadania;2015;75418639201;70065267417;422690964;22604510
605;55000 - Ministério da Cidadania;2016;81090014180;78590768606;258974908;101352515
606;55000 - Ministério da Cidadania;2017;6,63E+16;6,42E+16;300561973;25682818
607;55000 - Ministério da Cidadania;2018;6,96E+16;6,55E+16;477642533;158323010
608;55000 - Ministério da Cidadania;2019;1,02E+16;95369508509;1070427055;143396025
609;55000 - Ministério da Cidadania;2020;4,15E+16;3,79E+15;650378883;89741537
610;56000 - Ministério das Cidades;2000;NA;NA;NA;NA
611;56000 - Ministério das Cidades;2001;NA;NA;NA;NA
612;56000 - Ministério das Cidades;2002;NA;NA;NA;NA
613;56000 - Ministério das Cidades;2003;3202935590;1036238525;1930777706;161817093
614;56000 - Ministério das Cidades;2004;2970074595;1399373599;1496374193;434751917
615;56000 - Ministério das Cidades;2005;4497383091;1127891939;2725448065;154830876
616;56000 - Ministério das Cidades;2006;5103413785;1252860335;3324207681;202283747
617;56000 - Ministério das Cidades;2007;9101566191;1690340701;6797047086;154179514
618;56000 - Ministério das Cidades;2008;8728338285;1912206039;7403817721;1084430659
619;56000 - Ministério das Cidades;2009;15314807771;4357269972;8682383290;1913670899
620;56000 - Ministério das Cidades;2010;16200331984;2527020933;8013808801;1509713595
621;56000 - Ministério das Cidades;2011;22252255913;2369272777;7637883953;749100246
622;56000 - Ministério das Cidades;2012;28548587382;4600112850;11742209781;1151816390
623;56000 - Ministério das Cidades;2013;26771145488;8315935666;9895761730;639080382
624;56000 - Ministério das Cidades;2014;27178004786;13117350258;8256158955;837188636
625;56000 - Ministério das Cidades;2015;37258179368;17038693720;10194843072;332828405
626;56000 - Ministério das Cidades;2016;13123253217;8868522766;3579497479;684749904
627;56000 - Ministério das Cidades;2017;11224846110;6234180943;4770559112;1269041971
628;56000 - Ministério das Cidades;2018;11235923147;6839792044;3814962805;797993254
629;56000 - Ministério das Cidades;2019;NA;NA;NA;NA
630;56000 - Ministério das Cidades;2020;NA;NA;NA;NA
631;57000 - Ministério das Mulheres, da Igualdade Racial, da Juventude e dos Direitos Humanos;2000;NA;NA;NA;NA
632;57000 - Ministério das Mulheres, da Igualdade Racial, da Juventude e dos Direitos Humanos;2001;NA;NA;NA;NA
633;57000 - Ministério das Mulheres, da Igualdade Racial, da Juventude e dos Direitos Humanos;2002;NA;NA;NA;NA
634;57000 - Ministério das Mulheres, da Igualdade Racial, da Juventude e dos Direitos Humanos;2003;NA;NA;NA;NA
635;57000 - Ministério das Mulheres, da Igualdade Racial, da Juventude e dos Direitos Humanos;2004;NA;NA;NA;NA
636;57000 - Ministério das Mulheres, da Igualdade Racial, da Juventude e dos Direitos Humanos;2005;NA;NA;NA;NA
637;57000 - Ministério das Mulheres, da Igualdade Racial, da Juventude e dos Direitos Humanos;2006;NA;NA;NA;NA
638;57000 - Ministério das Mulheres, da Igualdade Racial, da Juventude e dos Direitos Humanos;2007;NA;NA;NA;NA
639;57000 - Ministério das Mulheres, da Igualdade Racial, da Juventude e dos Direitos Humanos;2008;NA;NA;NA;NA
640;57000 - Ministério das Mulheres, da Igualdade Racial, da Juventude e dos Direitos Humanos;2009;NA;NA;NA;NA
641;57000 - Ministério das Mulheres, da Igualdade Racial, da Juventude e dos Direitos Humanos;2010;NA;NA;NA;NA
642;57000 - Ministério das Mulheres, da Igualdade Racial, da Juventude e dos Direitos Humanos;2011;NA;NA;NA;NA
643;57000 - Ministério das Mulheres, da Igualdade Racial, da Juventude e dos Direitos Humanos;2012;NA;NA;NA;NA
644;57000 - Ministério das Mulheres, da Igualdade Racial, da Juventude e dos Direitos Humanos;2013;NA;NA;NA;NA
645;57000 - Ministério das Mulheres, da Igualdade Racial, da Juventude e dos Direitos Humanos;2014;NA;NA;NA;NA
646;57000 - Ministério das Mulheres, da Igualdade Racial, da Juventude e dos Direitos Humanos;2015;NA;NA;NA;NA
647;57000 - Ministério das Mulheres, da Igualdade Racial, da Juventude e dos Direitos Humanos;2016;451452712;190833241;82375998;2672976
648;57000 - Ministério das Mulheres, da Igualdade Racial, da Juventude e dos Direitos Humanos;2017;NA;NA;NA;NA
649;57000 - Ministério das Mulheres, da Igualdade Racial, da Juventude e dos Direitos Humanos;2018;NA;NA;NA;NA
650;57000 - Ministério das Mulheres, da Igualdade Racial, da Juventude e dos Direitos Humanos;2019;NA;NA;NA;NA
651;57000 - Ministério das Mulheres, da Igualdade Racial, da Juventude e dos Direitos Humanos;2020;NA;NA;NA;NA
652;58000 - Ministério da Pesca e Aquicultura;2000;NA;NA;NA;NA
653;58000 - Ministério da Pesca e Aquicultura;2001;NA;NA;NA;NA
654;58000 - Ministério da Pesca e Aquicultura;2002;NA;NA;NA;NA
655;58000 - Ministério da Pesca e Aquicultura;2003;NA;NA;NA;NA
656;58000 - Ministério da Pesca e Aquicultura;2004;NA;NA;NA;NA
657;58000 - Ministério da Pesca e Aquicultura;2005;NA;NA;NA;NA
658;58000 - Ministério da Pesca e Aquicultura;2006;NA;NA;NA;NA
659;58000 - Ministério da Pesca e Aquicultura;2007;NA;NA;NA;NA
660;58000 - Ministério da Pesca e Aquicultura;2008;NA;NA;NA;NA
661;58000 - Ministério da Pesca e Aquicultura;2009;36159028;0;36158028;0
662;58000 - Ministério da Pesca e Aquicultura;2010;773885765;171109400;421342081;53376213
663;58000 - Ministério da Pesca e Aquicultura;2011;559749826;108093267;281669505;4301154
664;58000 - Ministério da Pesca e Aquicultura;2012;344216968;108172287;137686019;9450821
665;58000 - Ministério da Pesca e Aquicultura;2013;637355327;124455772;348563473;10047540
666;58000 - Ministério da Pesca e Aquicultura;2014;431885901;124926390;191669164;4268501
667;58000 - Ministério da Pesca e Aquicultura;2015;774623177;104017982;439111063;651129
668;58000 - Ministério da Pesca e Aquicultura;2016;0;0;0;0
669;58000 - Ministério da Pesca e Aquicultura;2017;NA;NA;NA;NA
670;58000 - Ministério da Pesca e Aquicultura;2018;NA;NA;NA;NA
671;58000 - Ministério da Pesca e Aquicultura;2019;NA;NA;NA;NA
672;58000 - Ministério da Pesca e Aquicultura;2020;NA;NA;NA;NA
673;60000 - Gabinete da Vice-Presidência da República;2000;NA;NA;NA;NA
674;60000 - Gabinete da Vice-Presidência da República;2001;NA;NA;NA;NA
675;60000 - Gabinete da Vice-Presidência da República;2002;NA;NA;NA;NA
676;60000 - Gabinete da Vice-Presidência da República;2003;NA;NA;NA;NA
677;60000 - Gabinete da Vice-Presidência da República;2004;NA;NA;NA;NA
678;60000 - Gabinete da Vice-Presidência da República;2005;NA;NA;NA;NA
679;60000 - Gabinete da Vice-Presidência da República;2006;NA;NA;NA;NA
680;60000 - Gabinete da Vice-Presidência da República;2007;NA;NA;NA;NA
681;60000 - Gabinete da Vice-Presidência da República;2008;NA;NA;NA;NA
682;60000 - Gabinete da Vice-Presidência da República;2009;NA;NA;NA;NA
683;60000 - Gabinete da Vice-Presidência da República;2010;NA;NA;NA;NA
684;60000 - Gabinete da Vice-Presidência da República;2011;NA;NA;NA;NA
685;60000 - Gabinete da Vice-Presidência da República;2012;66667;0;66667;0
686;60000 - Gabinete da Vice-Presidência da República;2013;10289470;8125091;2,00E+05;87139
687;60000 - Gabinete da Vice-Presidência da República;2014;11010229;9030863;250000;187268
688;60000 - Gabinete da Vice-Presidência da República;2015;12315056;9963579;580000;86094
689;60000 - Gabinete da Vice-Presidência da República;2016;11168214;7326897;500260;3249
690;60000 - Gabinete da Vice-Presidência da República;2017;7013455;902506;168123;0
691;60000 - Gabinete da Vice-Presidência da República;2018;3660568;1220053;105621;0
692;60000 - Gabinete da Vice-Presidência da República;2019;19251155;14618158;785856;715817
693;60000 - Gabinete da Vice-Presidência da República;2020;16684566;12058768;1094250;407771
694;61000 - Secretaria de Assuntos Estratégicos;2000;NA;NA;NA;NA
695;61000 - Secretaria de Assuntos Estratégicos;2001;NA;NA;NA;NA
696;61000 - Secretaria de Assuntos Estratégicos;2002;NA;NA;NA;NA
697;61000 - Secretaria de Assuntos Estratégicos;2003;NA;NA;NA;NA
698;61000 - Secretaria de Assuntos Estratégicos;2004;NA;NA;NA;NA
699;61000 - Secretaria de Assuntos Estratégicos;2005;NA;NA;NA;NA
700;61000 - Secretaria de Assuntos Estratégicos;2006;NA;NA;NA;NA
701;61000 - Secretaria de Assuntos Estratégicos;2007;NA;NA;NA;NA
702;61000 - Secretaria de Assuntos Estratégicos;2008;NA;NA;NA;NA
703;61000 - Secretaria de Assuntos Estratégicos;2009;NA;NA;NA;NA
704;61000 - Secretaria de Assuntos Estratégicos;2010;NA;NA;NA;NA
705;61000 - Secretaria de Assuntos Estratégicos;2011;NA;NA;NA;NA
706;61000 - Secretaria de Assuntos Estratégicos;2012;1579334;0;1579334;0
707;61000 - Secretaria de Assuntos Estratégicos;2013;357389882;318693096;4188000;759194
708;61000 - Secretaria de Assuntos Estratégicos;2014;354456906;325768107;5987000;362647
709;61000 - Secretaria de Assuntos Estratégicos;2015;359657989;329529483;2117941;543568
710;61000 - Secretaria de Assuntos Estratégicos;2016;0;0;0;0
711;61000 - Secretaria de Assuntos Estratégicos;2017;NA;NA;NA;NA
712;61000 - Secretaria de Assuntos Estratégicos;2018;NA;NA;NA;NA
713;61000 - Secretaria de Assuntos Estratégicos;2019;NA;NA;NA;NA
714;61000 - Secretaria de Assuntos Estratégicos;2020;NA;NA;NA;NA
715;62000 - Secretaria de Aviação Civil;2000;NA;NA;NA;NA
716;62000 - Secretaria de Aviação Civil;2001;NA;NA;NA;NA
717;62000 - Secretaria de Aviação Civil;2002;NA;NA;NA;NA
718;62000 - Secretaria de Aviação Civil;2003;NA;NA;NA;NA
719;62000 - Secretaria de Aviação Civil;2004;NA;NA;NA;NA
720;62000 - Secretaria de Aviação Civil;2005;NA;NA;NA;NA
721;62000 - Secretaria de Aviação Civil;2006;NA;NA;NA;NA
722;62000 - Secretaria de Aviação Civil;2007;NA;NA;NA;NA
723;62000 - Secretaria de Aviação Civil;2008;NA;NA;NA;NA
724;62000 - Secretaria de Aviação Civil;2009;NA;NA;NA;NA
725;62000 - Secretaria de Aviação Civil;2010;NA;NA;NA;NA
726;62000 - Secretaria de Aviação Civil;2011;NA;NA;NA;NA
727;62000 - Secretaria de Aviação Civil;2012;753882426;0;196515760;0
728;62000 - Secretaria de Aviação Civil;2013;4243180194;1853506401;433475907;71521620
729;62000 - Secretaria de Aviação Civil;2014;4251072417;1873037918;704070693;101438389
730;62000 - Secretaria de Aviação Civil;2015;5535878014;2108566188;482033650;53184105
731;62000 - Secretaria de Aviação Civil;2016;19215236816;2421417962;217572028;16778145
732;62000 - Secretaria de Aviação Civil;2017;NA;NA;NA;NA
733;62000 - Secretaria de Aviação Civil;2018;NA;NA;NA;NA
734;62000 - Secretaria de Aviação Civil;2019;NA;NA;NA;NA
735;62000 - Secretaria de Aviação Civil;2020;NA;NA;NA;NA
736;63000 - Advocacia-Geral da União;2000;NA;NA;NA;NA
737;63000 - Advocacia-Geral da União;2001;NA;NA;NA;NA
738;63000 - Advocacia-Geral da União;2002;NA;NA;NA;NA
739;63000 - Advocacia-Geral da União;2003;NA;NA;NA;NA
740;63000 - Advocacia-Geral da União;2004;NA;NA;NA;NA
741;63000 - Advocacia-Geral da União;2005;NA;NA;NA;NA
742;63000 - Advocacia-Geral da União;2006;NA;NA;NA;NA
743;63000 - Advocacia-Geral da União;2007;NA;NA;NA;NA
744;63000 - Advocacia-Geral da União;2008;NA;NA;NA;NA
745;63000 - Advocacia-Geral da União;2009;NA;NA;NA;NA
746;63000 - Advocacia-Geral da União;2010;NA;NA;NA;NA
747;63000 - Advocacia-Geral da União;2011;NA;NA;NA;NA
748;63000 - Advocacia-Geral da União;2012;1429333;0;1429333;0
749;63000 - Advocacia-Geral da União;2013;2675202667;2562817187;5725600;1052660
750;63000 - Advocacia-Geral da União;2014;2870599245;2735599399;31600000;6556551
751;63000 - Advocacia-Geral da União;2015;3250639541;3049862399;72375680;458891
752;63000 - Advocacia-Geral da União;2016;3438675497;3330347653;10048329;273470
753;63000 - Advocacia-Geral da União;2017;3637802055;3503471125;23921897;690526
754;63000 - Advocacia-Geral da União;2018;3930824888;3497391752;21662069;1334246
755;63000 - Advocacia-Geral da União;2019;4066944825;3600634505;16821797;442511
756;63000 - Advocacia-Geral da União;2020;4075577557;3655138507;20754634;127484
757;64000 - Secretaria de Direitos Humanos;2000;NA;NA;NA;NA
758;64000 - Secretaria de Direitos Humanos;2001;NA;NA;NA;NA
759;64000 - Secretaria de Direitos Humanos;2002;NA;NA;NA;NA
760;64000 - Secretaria de Direitos Humanos;2003;NA;NA;NA;NA
761;64000 - Secretaria de Direitos Humanos;2004;NA;NA;NA;NA
762;64000 - Secretaria de Direitos Humanos;2005;NA;NA;NA;NA
763;64000 - Secretaria de Direitos Humanos;2006;NA;NA;NA;NA
764;64000 - Secretaria de Direitos Humanos;2007;NA;NA;NA;NA
765;64000 - Secretaria de Direitos Humanos;2008;NA;NA;NA;NA
766;64000 - Secretaria de Direitos Humanos;2009;NA;NA;NA;NA
767;64000 - Secretaria de Direitos Humanos;2010;NA;NA;NA;NA
768;64000 - Secretaria de Direitos Humanos;2011;NA;NA;NA;NA
769;64000 - Secretaria de Direitos Humanos;2012;24188278;0;24188278;0
770;64000 - Secretaria de Direitos Humanos;2013;366831151;99643344;122121919;1798658
771;64000 - Secretaria de Direitos Humanos;2014;325685270;113328342;126046503;14431340
772;64000 - Secretaria de Direitos Humanos;2015;407373624;89554840;182844380;647000
773;64000 - Secretaria de Direitos Humanos;2016;0;121682;0;0
774;64000 - Secretaria de Direitos Humanos;2017;NA;NA;NA;NA
775;64000 - Secretaria de Direitos Humanos;2018;NA;NA;NA;NA
776;64000 - Secretaria de Direitos Humanos;2019;NA;NA;NA;NA
777;64000 - Secretaria de Direitos Humanos;2020;NA;NA;NA;NA
778;65000 - Secretaria de Políticas para as Mulheres;2000;NA;NA;NA;NA
779;65000 - Secretaria de Políticas para as Mulheres;2001;NA;NA;NA;NA
780;65000 - Secretaria de Políticas para as Mulheres;2002;NA;NA;NA;NA
781;65000 - Secretaria de Políticas para as Mulheres;2003;NA;NA;NA;NA
782;65000 - Secretaria de Políticas para as Mulheres;2004;NA;NA;NA;NA
783;65000 - Secretaria de Políticas para as Mulheres;2005;NA;NA;NA;NA
784;65000 - Secretaria de Políticas para as Mulheres;2006;NA;NA;NA;NA
785;65000 - Secretaria de Políticas para as Mulheres;2007;NA;NA;NA;NA
786;65000 - Secretaria de Políticas para as Mulheres;2008;NA;NA;NA;NA
787;65000 - Secretaria de Políticas para as Mulheres;2009;NA;NA;NA;NA
788;65000 - Secretaria de Políticas para as Mulheres;2010;NA;NA;NA;NA
789;65000 - Secretaria de Políticas para as Mulheres;2011;NA;NA;NA;NA
790;65000 - Secretaria de Políticas para as Mulheres;2012;5981153;0;5981153;0
791;65000 - Secretaria de Políticas para as Mulheres;2013;208555722;46355668;84094460;15666849
792;65000 - Secretaria de Políticas para as Mulheres;2014;219229726;73099258;84846880;11690890
793;65000 - Secretaria de Políticas para as Mulheres;2015;266413888;71194340;109025905;18214493
794;65000 - Secretaria de Políticas para as Mulheres;2016;0;0;0;0
795;65000 - Secretaria de Políticas para as Mulheres;2017;NA;NA;NA;NA
796;65000 - Secretaria de Políticas para as Mulheres;2018;NA;NA;NA;NA
797;65000 - Secretaria de Políticas para as Mulheres;2019;NA;NA;NA;NA
798;65000 - Secretaria de Políticas para as Mulheres;2020;NA;NA;NA;NA
799;66000 - Controladoria-Geral da União;2000;NA;NA;NA;NA
800;66000 - Controladoria-Geral da União;2001;NA;NA;NA;NA
801;66000 - Controladoria-Geral da União;2002;NA;NA;NA;NA
802;66000 - Controladoria-Geral da União;2003;NA;NA;NA;NA
803;66000 - Controladoria-Geral da União;2004;NA;NA;NA;NA
804;66000 - Controladoria-Geral da União;2005;NA;NA;NA;NA
805;66000 - Controladoria-Geral da União;2006;NA;NA;NA;NA
806;66000 - Controladoria-Geral da União;2007;NA;NA;NA;NA
807;66000 - Controladoria-Geral da União;2008;NA;NA;NA;NA
808;66000 - Controladoria-Geral da União;2009;NA;NA;NA;NA
809;66000 - Controladoria-Geral da União;2010;NA;NA;NA;NA
810;66000 - Controladoria-Geral da União;2011;NA;NA;NA;NA
811;66000 - Controladoria-Geral da União;2012;6999919;0;6999919;0
812;66000 - Controladoria-Geral da União;2013;815962726;768466982;21576014;12499096
813;66000 - Controladoria-Geral da União;2014;848787129;814493214;12983391;3294109
814;66000 - Controladoria-Geral da União;2015;904573152;861686181;15653019;1965143
815;66000 - Controladoria-Geral da União;2016;934831353;891469655;16847496;3109760
816;66000 - Controladoria-Geral da União;2017;NA;NA;NA;NA
817;66000 - Controladoria-Geral da União;2018;NA;NA;NA;NA
818;66000 - Controladoria-Geral da União;2019;NA;NA;NA;NA
819;66000 - Controladoria-Geral da União;2020;NA;NA;NA;NA
820;67000 - Secretaria de Políticas de Promoção da Igualdade Racial;2000;NA;NA;NA;NA
821;67000 - Secretaria de Políticas de Promoção da Igualdade Racial;2001;NA;NA;NA;NA
822;67000 - Secretaria de Políticas de Promoção da Igualdade Racial;2002;NA;NA;NA;NA
823;67000 - Secretaria de Políticas de Promoção da Igualdade Racial;2003;NA;NA;NA;NA
824;67000 - Secretaria de Políticas de Promoção da Igualdade Racial;2004;NA;NA;NA;NA
825;67000 - Secretaria de Políticas de Promoção da Igualdade Racial;2005;NA;NA;NA;NA
826;67000 - Secretaria de Políticas de Promoção da Igualdade Racial;2006;NA;NA;NA;NA
827;67000 - Secretaria de Políticas de Promoção da Igualdade Racial;2007;NA;NA;NA;NA
828;67000 - Secretaria de Políticas de Promoção da Igualdade Racial;2008;NA;NA;NA;NA
829;67000 - Secretaria de Políticas de Promoção da Igualdade Racial;2009;NA;NA;NA;NA
830;67000 - Secretaria de Políticas de Promoção da Igualdade Racial;2010;NA;NA;NA;NA
831;67000 - Secretaria de Políticas de Promoção da Igualdade Racial;2011;NA;NA;NA;NA
832;67000 - Secretaria de Políticas de Promoção da Igualdade Racial;2012;730560;0;730560;0
833;67000 - Secretaria de Políticas de Promoção da Igualdade Racial;2013;56138942;26551931;7811536;489563
834;67000 - Secretaria de Políticas de Promoção da Igualdade Racial;2014;57718698;21350166;11693429;360802
835;67000 - Secretaria de Políticas de Promoção da Igualdade Racial;2015;76703049;17934068;13697069;14335
836;67000 - Secretaria de Políticas de Promoção da Igualdade Racial;2016;0;0;0;0
837;67000 - Secretaria de Políticas de Promoção da Igualdade Racial;2017;NA;NA;NA;NA
838;67000 - Secretaria de Políticas de Promoção da Igualdade Racial;2018;NA;NA;NA;NA
839;67000 - Secretaria de Políticas de Promoção da Igualdade Racial;2019;NA;NA;NA;NA
840;67000 - Secretaria de Políticas de Promoção da Igualdade Racial;2020;NA;NA;NA;NA
841;68000 - Secretaria de Portos;2000;NA;NA;NA;NA
842;68000 - Secretaria de Portos;2001;NA;NA;NA;NA
843;68000 - Secretaria de Portos;2002;NA;NA;NA;NA
844;68000 - Secretaria de Portos;2003;NA;NA;NA;NA
845;68000 - Secretaria de Portos;2004;NA;NA;NA;NA
846;68000 - Secretaria de Portos;2005;NA;NA;NA;NA
847;68000 - Secretaria de Portos;2006;NA;NA;NA;NA
848;68000 - Secretaria de Portos;2007;NA;NA;NA;NA
849;68000 - Secretaria de Portos;2008;NA;NA;NA;NA
850;68000 - Secretaria de Portos;2009;NA;NA;NA;NA
851;68000 - Secretaria de Portos;2010;NA;NA;NA;NA
852;68000 - Secretaria de Portos;2011;NA;NA;NA;NA
853;68000 - Secretaria de Portos;2012;615046339;0;311950001;0
854;68000 - Secretaria de Portos;2013;1079608270;183015094;341590831;1249439
855;68000 - Secretaria de Portos;2014;1523347041;216658040;567395552;30596842
856;68000 - Secretaria de Portos;2015;1119008932;284762007;454969974;3699739
857;68000 - Secretaria de Portos;2016;988446871;333181350;471413781;32171814
858;68000 - Secretaria de Portos;2017;NA;NA;NA;NA
859;68000 - Secretaria de Portos;2018;NA;NA;NA;NA
860;68000 - Secretaria de Portos;2019;NA;NA;NA;NA
861;68000 - Secretaria de Portos;2020;NA;NA;NA;NA
862;69000 - Secretaria da Micro e Pequena Empresa;2000;NA;NA;NA;NA
863;69000 - Secretaria da Micro e Pequena Empresa;2001;NA;NA;NA;NA
864;69000 - Secretaria da Micro e Pequena Empresa;2002;NA;NA;NA;NA
865;69000 - Secretaria da Micro e Pequena Empresa;2003;NA;NA;NA;NA
866;69000 - Secretaria da Micro e Pequena Empresa;2004;NA;NA;NA;NA
867;69000 - Secretaria da Micro e Pequena Empresa;2005;NA;NA;NA;NA
868;69000 - Secretaria da Micro e Pequena Empresa;2006;NA;NA;NA;NA
869;69000 - Secretaria da Micro e Pequena Empresa;2007;NA;NA;NA;NA
870;69000 - Secretaria da Micro e Pequena Empresa;2008;NA;NA;NA;NA
871;69000 - Secretaria da Micro e Pequena Empresa;2009;NA;NA;NA;NA
872;69000 - Secretaria da Micro e Pequena Empresa;2010;NA;NA;NA;NA
873;69000 - Secretaria da Micro e Pequena Empresa;2011;NA;NA;NA;NA
874;69000 - Secretaria da Micro e Pequena Empresa;2012;NA;NA;NA;NA
875;69000 - Secretaria da Micro e Pequena Empresa;2013;116547422;7604607;19595000;0
876;69000 - Secretaria da Micro e Pequena Empresa;2014;87152148;51403292;12866679;3838757
877;69000 - Secretaria da Micro e Pequena Empresa;2015;99057930;46435576;16690998;2391541
878;69000 - Secretaria da Micro e Pequena Empresa;2016;0;0;0;0
879;69000 - Secretaria da Micro e Pequena Empresa;2017;NA;NA;NA;NA
880;69000 - Secretaria da Micro e Pequena Empresa;2018;NA;NA;NA;NA
881;69000 - Secretaria da Micro e Pequena Empresa;2019;NA;NA;NA;NA
882;69000 - Secretaria da Micro e Pequena Empresa;2020;NA;NA;NA;NA
883;81000 - Ministério da Mulher, da Família e dos Direitos Humanos;2000;NA;NA;NA;NA
884;81000 - Ministério da Mulher, da Família e dos Direitos Humanos;2001;NA;NA;NA;NA
885;81000 - Ministério da Mulher, da Família e dos Direitos Humanos;2002;NA;NA;NA;NA
886;81000 - Ministério da Mulher, da Família e dos Direitos Humanos;2003;NA;NA;NA;NA
887;81000 - Ministério da Mulher, da Família e dos Direitos Humanos;2004;NA;NA;NA;NA
888;81000 - Ministério da Mulher, da Família e dos Direitos Humanos;2005;NA;NA;NA;NA
889;81000 - Ministério da Mulher, da Família e dos Direitos Humanos;2006;NA;NA;NA;NA
890;81000 - Ministério da Mulher, da Família e dos Direitos Humanos;2007;NA;NA;NA;NA
891;81000 - Ministério da Mulher, da Família e dos Direitos Humanos;2008;NA;NA;NA;NA
892;81000 - Ministério da Mulher, da Família e dos Direitos Humanos;2009;NA;NA;NA;NA
893;81000 - Ministério da Mulher, da Família e dos Direitos Humanos;2010;NA;NA;NA;NA
894;81000 - Ministério da Mulher, da Família e dos Direitos Humanos;2011;NA;NA;NA;NA
895;81000 - Ministério da Mulher, da Família e dos Direitos Humanos;2012;NA;NA;NA;NA
896;81000 - Ministério da Mulher, da Família e dos Direitos Humanos;2013;NA;NA;NA;NA
897;81000 - Ministério da Mulher, da Família e dos Direitos Humanos;2014;NA;NA;NA;NA
898;81000 - Ministério da Mulher, da Família e dos Direitos Humanos;2015;NA;NA;NA;NA
899;81000 - Ministério da Mulher, da Família e dos Direitos Humanos;2016;NA;NA;NA;NA
900;81000 - Ministério da Mulher, da Família e dos Direitos Humanos;2017;NA;NA;NA;NA
901;81000 - Ministério da Mulher, da Família e dos Direitos Humanos;2018;494208367;264092828;159099187;61921080
902;81000 - Ministério da Mulher, da Família e dos Direitos Humanos;2019;610446878;213271855;173293093;34360894
903;81000 - Ministério da Mulher, da Família e dos Direitos Humanos;2020;852839736;396766535;161534616;7122974
904;82000 - Ministério da Segurança Pública;2000;NA;NA;NA;NA
905;82000 - Ministério da Segurança Pública;2001;NA;NA;NA;NA
906;82000 - Ministério da Segurança Pública;2002;NA;NA;NA;NA
907;82000 - Ministério da Segurança Pública;2003;NA;NA;NA;NA
908;82000 - Ministério da Segurança Pública;2004;NA;NA;NA;NA
909;82000 - Ministério da Segurança Pública;2005;NA;NA;NA;NA
910;82000 - Ministério da Segurança Pública;2006;NA;NA;NA;NA
911;82000 - Ministério da Segurança Pública;2007;NA;NA;NA;NA
912;82000 - Ministério da Segurança Pública;2008;NA;NA;NA;NA
913;82000 - Ministério da Segurança Pública;2009;NA;NA;NA;NA
914;82000 - Ministério da Segurança Pública;2010;NA;NA;NA;NA
915;82000 - Ministério da Segurança Pública;2011;NA;NA;NA;NA
916;82000 - Ministério da Segurança Pública;2012;NA;NA;NA;NA
917;82000 - Ministério da Segurança Pública;2013;NA;NA;NA;NA
918;82000 - Ministério da Segurança Pública;2014;NA;NA;NA;NA
919;82000 - Ministério da Segurança Pública;2015;NA;NA;NA;NA
920;82000 - Ministério da Segurança Pública;2016;NA;NA;NA;NA
921;82000 - Ministério da Segurança Pública;2017;NA;NA;NA;NA
922;82000 - Ministério da Segurança Pública;2018;NA;NA;NA;NA
923;82000 - Ministério da Segurança Pública;2019;0;0;NA;NA
924;82000 - Ministério da Segurança Pública;2020;NA;NA;NA;NA
